time,symbol,side,,q,p,t,fee,
2020-07-31T09:21:06.432,LTCBTC,SELL,MARKET,0.05,0.005105,0.00025525,0.00010579,FILLED
2020-07-31T09:21:06.515,BNBBTC,BUY,MARKET,0.12,0.0018431,0.000221172,9E-05,FILLED
2020-07-31T09:21:06.632,LTCBNB,BUY,MARKET,0.05,2.771,0.13855,0.00010386,FILLED
2020-07-31T09:21:06.728,LTCBTC,SELL,MARKET,0.05,0.005105,0.00025525,0.00010579,FILLED
2020-07-31T09:21:06.839,BNBBTC,BUY,MARKET,0.12,0.001843,0.00022116,9E-05,FILLED
2020-07-31T09:21:07.452,LTCBNB,BUY,MARKET,0.05,2.771,0.13855,0.00010386,FILLED
2020-07-31T09:21:13.1,LTCBTC,SELL,MARKET,0.05,0.005105,0.00025525,0.00010579,FILLED
2020-07-31T09:21:13.1,BNBBTC,BUY,MARKET,0.12,0.0018431,0.000221172,9E-05,FILLED
2020-07-31T09:21:13.104,BNBBTC,BUY,MARKET,0.12,0.0018431,0.000221172,9E-05,FILLED
2020-07-31T09:21:13.104,LTCBNB,BUY,MARKET,0.05,2.771,0.13855,0.00010386,FILLED
2020-07-31T09:21:13.118,LTCBNB,BUY,MARKET,0.05,2.771,0.13855,0.00010386,FILLED
2020-07-31T09:21:13.123,LTCBTC,SELL,MARKET,0.05,0.005105,0.00025525,0.00010579,FILLED
2020-07-31T09:21:13.229,BNBBTC,BUY,MARKET,0.12,0.0018431,0.000221172,9E-05,FILLED
2020-07-31T09:21:13.405,LTCBNB,BUY,MARKET,0.05,2.771,0.13855,0.00010386,FILLED
2020-07-31T09:21:13.412,LTCBTC,SELL,MARKET,0.05,0.005105,0.00025525,0.00010579,FILLED
2020-07-31T09:21:13.416,LTCBTC,SELL,MARKET,0.05,0.005105,0.00025525,0.00010579,FILLED
2020-07-31T09:21:13.417,BNBBTC,BUY,MARKET,0.12,0.0018431,0.000221172,9E-05,FILLED
2020-07-31T09:21:13.423,BNBBTC,BUY,MARKET,0.12,0.0018431,0.000221172,9E-05,FILLED
2020-07-31T09:21:13.434,LTCBNB,BUY,MARKET,0.039,2.771,0.108069,8.101E-05,FILLED
2020-07-31T09:21:13.541,LTCBTC,SELL,MARKET,0.05,0.005105,0.00025525,0.00010579,FILLED
2020-07-31T09:21:13.713,BNBBTC,BUY,MARKET,0.12,0.0018431,0.000221172,9E-05,FILLED
2020-07-31T09:21:13.722,BNBBTC,BUY,MARKET,0.12,0.0018431,0.000221172,9E-05,FILLED
2020-07-31T09:21:13.725,LTCBNB,BUY,MARKET,0.036,2.774,0.099864,7.478E-05,FILLED
2020-07-31T09:21:13.726,LTCBNB,BUY,MARKET,0.05,2.774,0.1387,0.00010386,FILLED
2020-07-31T09:21:13.734,LTCBTC,SELL,MARKET,0.05,0.005102,0.0002551,0.00010579,FILLED
2020-07-31T09:21:13.74,BNBBTC,BUY,MARKET,0.12,0.0018431,0.000221172,9E-05,FILLED
2020-07-31T09:21:13.852,LTCBNB,BUY,MARKET,0.05,2.774,0.1387,0.00010386,FILLED
2020-07-31T09:21:14.024,BNBBTC,BUY,MARKET,0.12,0.0018431,0.000221172,9E-05,FILLED
2020-07-31T09:21:14.024,LTCBTC,SELL,MARKET,0.05,0.005102,0.0002551,0.00010579,FILLED
2020-07-31T09:21:14.033,LTCBTC,SELL,MARKET,0.05,0.005102,0.0002551,0.00010579,FILLED
2020-07-31T09:21:14.035,LTCBNB,BUY,MARKET,0.05,2.774,0.1387,0.00010386,FILLED
2020-07-31T09:21:14.038,BNBBTC,BUY,MARKET,0.12,0.0018431,0.000221172,9E-05,FILLED
2020-07-31T09:21:14.044,LTCBNB,BUY,MARKET,0.05,2.774,0.1387,0.00010386,FILLED
2020-07-31T09:21:14.051,LTCBTC,SELL,MARKET,0.05,0.005102,0.0002551,0.00010579,FILLED
2020-07-31T09:21:14.352,LTCBTC,SELL,MARKET,0.05,0.005102,0.0002551,0.00010579,FILLED
2020-07-31T09:21:14.354,BNBBTC,BUY,MARKET,0.12,0.0018431,0.000221172,9E-05,FILLED
2020-07-31T09:21:14.356,BNBBTC,BUY,MARKET,0.12,0.0018431,0.000221172,9E-05,FILLED
2020-07-31T09:21:14.376,LTCBNB,BUY,MARKET,0.05,2.774,0.1387,0.00010386,FILLED
2020-07-31T09:21:14.647,LTCBTC,SELL,MARKET,0.05,0.005102,0.0002551,0.00010579,FILLED
2020-07-31T09:21:14.661,BNBBTC,BUY,MARKET,0.12,0.0018431,0.000221172,9E-05,FILLED
2020-07-31T09:21:14.663,LTCBNB,BUY,MARKET,0.05,2.773,0.13865,0.00010386,FILLED
2020-07-31T09:21:14.663,LTCBTC,SELL,MARKET,0.05,0.005102,0.0002551,0.00010579,FILLED
2020-07-31T09:21:14.67,BNBBTC,BUY,MARKET,0.12,0.0018431,0.000221172,9E-05,FILLED
2020-07-31T09:21:14.68,LTCBNB,BUY,MARKET,0.05,2.773,0.13865,0.00010386,FILLED
2020-07-31T09:21:14.703,BNBBTC,BUY,MARKET,0.12,0.0018431,0.000221172,9E-05,FILLED
2020-07-31T09:21:14.87,LTCBTC,SELL,MARKET,0.05,0.005102,0.0002551,0.00010579,FILLED
2020-07-31T09:21:14.972,LTCBNB,BUY,MARKET,0.05,2.773,0.13865,0.00010386,FILLED
2020-07-31T09:21:14.973,BNBBTC,BUY,MARKET,0.12,0.0018431,0.000221172,9E-05,FILLED
2020-07-31T09:21:14.989,LTCBNB,BUY,MARKET,0.05,2.773,0.13865,0.00010386,FILLED
2020-07-31T09:21:15.282,LTCBTC,SELL,MARKET,0.05,0.005102,0.0002551,0.00010579,FILLED
2020-07-31T09:21:15.285,BNBBTC,BUY,MARKET,0.12,0.0018431,0.000221172,9E-05,FILLED
2020-07-31T09:21:15.494,LTCBNB,BUY,MARKET,0.05,2.773,0.13865,0.00010386,FILLED
2020-07-31T09:21:15.542,LTCBTC,SELL,MARKET,0.05,0.005102,0.0002551,0.00010579,FILLED
2020-07-31T09:21:15.584,LTCBTC,SELL,MARKET,0.05,0.005102,0.0002551,0.00010579,FILLED
2020-07-31T09:21:15.591,BNBBTC,BUY,MARKET,0.12,0.0018431,0.000221172,9E-05,FILLED
2020-07-31T09:21:15.594,LTCBTC,SELL,MARKET,0.05,0.005102,0.0002551,0.00010579,FILLED
2020-07-31T09:21:15.593,LTCBNB,BUY,MARKET,0.039,2.773,0.108147,8.101E-05,FILLED
2020-07-31T09:21:20.438,BNBBTC,BUY,MARKET,0.12,0.0018431,0.000221172,9E-05,FILLED
2020-07-31T09:21:20.477,BNBBTC,BUY,MARKET,0.1,0.0018431,0.00018431,7.5E-05,FILLED
2020-07-31T09:21:20.522,LTCBNB,BUY,MARKET,0.05,2.772,0.1386,0.00010386,FILLED
2020-07-31T09:21:20.571,LTCBTC,SELL,MARKET,0.05,0.005102,0.0002551,0.00010579,FILLED
2020-07-31T09:21:21.953,BNBBTC,BUY,MARKET,0.12,0.0018431,0.000221172,9E-05,FILLED
2020-07-31T09:21:21.956,LTCBNB,BUY,MARKET,0.05,2.771,0.13855,0.00010386,FILLED
2020-07-31T09:21:21.956,LTCBTC,SELL,MARKET,0.05,0.005102,0.0002551,0.00010579,FILLED
2020-07-31T09:21:21.955,BNBBTC,BUY,MARKET,0.12,0.0018431,0.000221172,9E-05,FILLED
2020-07-31T09:21:21.96,LTCBNB,BUY,MARKET,0.05,2.771,0.13855,0.00010386,FILLED
2020-07-31T09:21:22.256,BNBBTC,BUY,MARKET,0.12,0.0018431,0.000221172,9E-05,FILLED
2020-07-31T09:21:22.308,LTCBNB,BUY,MARKET,0.05,2.771,0.13855,0.00010386,FILLED
2020-07-31T09:21:22.32,LTCBTC,SELL,MARKET,0.05,0.005102,0.0002551,0.00010579,FILLED
2020-07-31T09:21:22.325,LTCBTC,SELL,MARKET,0.05,0.005102,0.0002551,0.00010579,FILLED
2020-07-31T09:21:22.325,BNBBTC,BUY,MARKET,0.12,0.0018431,0.000221172,9E-05,FILLED
2020-07-31T09:21:22.327,BNBBTC,BUY,MARKET,0.12,0.0018431,0.000221172,9E-05,FILLED
2020-07-31T09:21:22.632,LTCBNB,BUY,MARKET,0.05,2.771,0.13855,0.00010386,FILLED
2020-07-31T09:21:22.632,LTCBNB,BUY,MARKET,0.05,2.771,0.13855,0.00010386,FILLED
2020-07-31T09:21:22.936,LTCBTC,SELL,MARKET,0.05,0.005102,0.0002551,0.00010579,FILLED
2020-07-31T09:21:22.94,LTCBTC,SELL,MARKET,0.05,0.005102,0.0002551,0.00010579,FILLED
2020-07-31T09:21:22.952,BNBBTC,BUY,MARKET,0.12,0.0018431,0.000221172,9E-05,FILLED
2020-07-31T09:21:32.541,BNBBTC,BUY,MARKET,0.12,0.0018435,0.00022122,9E-05,FILLED
2020-07-31T09:21:32.805,LTCBNB,BUY,MARKET,0.05,2.773,0.13865,0.00010386,FILLED
2020-07-31T09:21:32.844,LTCBTC,SELL,MARKET,0.05,0.005103,0.00025515,0.00010579,FILLED
2020-07-31T09:21:32.854,BNBBTC,BUY,MARKET,0.12,0.0018435,0.00022122,9E-05,FILLED
2020-07-31T09:21:33.117,LTCBNB,BUY,MARKET,0.05,2.773,0.13865,0.00010386,FILLED
2020-07-31T09:21:33.156,LTCBTC,SELL,MARKET,0.05,0.005103,0.00025515,0.00010579,FILLED
2020-07-31T09:21:33.185,BNBBTC,BUY,MARKET,0.12,0.0018435,0.00022122,9E-05,FILLED
2020-07-31T09:21:33.799,BNBBTC,BUY,MARKET,0.12,0.0018435,0.00022122,9E-05,FILLED
2020-07-31T09:21:33.804,LTCBNB,BUY,MARKET,0.05,2.772,0.1386,0.00010386,FILLED
2020-07-31T09:21:34.08,LTCBTC,SELL,MARKET,0.05,0.005103,0.00025515,0.00010579,FILLED
2020-07-31T09:21:34.108,BNBBTC,BUY,MARKET,0.12,0.0018435,0.00022122,9E-05,FILLED
2020-07-31T09:21:34.113,LTCBNB,BUY,MARKET,0.05,2.772,0.1386,0.00010386,FILLED
2020-07-31T09:21:34.283,LTCBNB,BUY,MARKET,0.05,2.772,0.1386,0.00010386,FILLED
2020-07-31T09:21:34.391,LTCBTC,SELL,MARKET,0.05,0.005103,0.00025515,0.00010579,FILLED
2020-07-31T09:21:34.421,BNBBTC,BUY,MARKET,0.12,0.0018435,0.00022122,9E-05,FILLED
2020-07-31T09:21:34.427,LTCBNB,BUY,MARKET,0.05,2.772,0.1386,0.00010386,FILLED
2020-07-31T09:21:42.471,LTCBTC,SELL,MARKET,0.05,0.005103,0.00025515,0.00010579,FILLED
2020-07-31T09:21:42.485,BNBBTC,BUY,MARKET,0.12,0.0018435,0.00022122,9E-05,FILLED
2020-07-31T09:28:00.713,LTCBTC,SELL,MARKET,0.05,0.00511,0.0002555,0.00010574,FILLED
2020-07-31T09:28:00.749,BNBBTC,BUY,MARKET,0.12,0.0018454,0.000221448,9E-05,FILLED
2020-07-31T09:28:01.238,LTCBNB,BUY,MARKET,0.05,2.774,0.1387,0.00010395,FILLED
2020-07-31T09:28:01.303,LTCBTC,SELL,MARKET,0.05,0.00511,0.0002555,0.00010574,FILLED
2020-07-31T09:28:01.364,BNBBTC,BUY,MARKET,0.12,0.001845,0.0002214,9E-05,FILLED
2020-07-31T09:28:01.444,LTCBNB,BUY,MARKET,0.05,2.774,0.1387,0.00010395,FILLED
2020-07-31T09:28:01.493,LTCBTC,SELL,MARKET,0.05,0.00511,0.0002555,0.00010574,FILLED
2020-07-31T09:28:01.821,BNBBTC,BUY,MARKET,0.12,0.001845,0.0002214,9E-05,FILLED
2020-07-31T09:28:01.896,BNBBTC,BUY,MARKET,0.12,0.001845,0.0002214,9E-05,FILLED
2020-07-31T09:28:02.997,LTCBNB,BUY,MARKET,0.05,2.774,0.1387,0.00010395,FILLED
2020-07-31T09:28:03.525,LTCBTC,SELL,MARKET,0.05,0.00511,0.0002555,0.00010574,FILLED
2020-07-31T09:28:04.866,LTCBNB,BUY,MARKET,0.05,2.774,0.1387,0.00010395,FILLED
2020-07-31T09:28:04.883,LTCBTC,SELL,MARKET,0.05,0.005111,0.00025555,0.00010574,FILLED
2020-07-31T09:28:05.06,BNBBTC,BUY,MARKET,0.12,0.0018448,0.000221376,9E-05,FILLED
2020-07-31T09:28:06.488,LTCBNB,BUY,MARKET,0.05,2.775,0.13875,0.00010395,FILLED
2020-07-31T09:28:06.563,LTCBTC,SELL,MARKET,0.05,0.005111,0.00025555,0.00010574,FILLED
2020-07-31T09:28:06.638,BNBBTC,BUY,MARKET,0.12,0.0018451,0.000221412,9E-05,FILLED
2020-07-31T09:28:07.407,LTCBNB,BUY,MARKET,0.05,2.775,0.13875,0.00010395,FILLED
2020-07-31T09:28:07.439,LTCBTC,SELL,MARKET,0.05,0.005111,0.00025555,0.00010574,FILLED
2020-07-31T09:28:07.651,BNBBTC,BUY,MARKET,0.12,0.0018452,0.000221424,9E-05,FILLED
2020-07-31T09:28:07.925,LTCBNB,BUY,MARKET,0.05,2.775,0.13875,0.00010395,FILLED
2020-07-31T09:28:07.98,LTCBTC,SELL,MARKET,0.05,0.005111,0.00025555,0.00010574,FILLED
2020-07-31T09:28:08.053,BNBBTC,BUY,MARKET,0.12,0.0018452,0.000221424,9E-05,FILLED
2020-07-31T09:28:08.226,BNBBTC,BUY,MARKET,0.12,0.0018452,0.000221424,9E-05,FILLED
2020-07-31T09:28:16.1,LTCBNB,BUY,MARKET,0.05,2.774,0.1387,0.00010395,FILLED
2020-07-31T09:28:16.423,LTCBTC,SELL,MARKET,0.05,0.005111,0.00025555,0.00010574,FILLED
2020-07-31T09:28:16.448,BNBBTC,BUY,MARKET,0.12,0.0018451,0.000221412,9E-05,FILLED
2020-07-31T09:28:40.907,LTCBNB,BUY,MARKET,0.05,2.773,0.13865,0.00010395,FILLED
2020-07-31T09:28:40.96,LTCBTC,SELL,MARKET,0.05,0.005111,0.00025555,0.00010574,FILLED
2020-07-31T09:28:41.002,BNBBTC,BUY,MARKET,0.12,0.0018449,0.000221388,9E-05,FILLED
2020-07-31T09:28:41.359,LTCBNB,BUY,MARKET,0.05,2.773,0.13865,0.00010395,FILLED
2020-07-31T09:28:41.413,LTCBTC,SELL,MARKET,0.05,0.005111,0.00025555,0.00010574,FILLED
2020-07-31T09:28:41.514,BNBBTC,BUY,MARKET,0.12,0.0018449,0.000221388,9E-05,FILLED
2020-07-31T09:28:42.024,LTCBNB,BUY,MARKET,0.05,2.773,0.13865,0.00010395,FILLED
2020-07-31T09:28:42.028,LTCBTC,SELL,MARKET,0.05,0.005111,0.00025555,0.00010574,FILLED
2020-07-31T09:28:42.059,BNBBTC,BUY,MARKET,0.12,0.0018449,0.000221388,9E-05,FILLED
2020-07-31T09:28:42.062,BNBBTC,BUY,MARKET,0.12,0.0018449,0.000221388,9E-05,FILLED
2020-07-31T09:28:42.43,LTCBNB,BUY,MARKET,0.05,2.773,0.13865,0.00010395,FILLED
2020-07-31T09:28:45.001,LTCBNB,BUY,MARKET,0.05,2.775,0.13875,0.00010395,FILLED
2020-07-31T09:28:45.201,LTCBTC,SELL,MARKET,0.05,0.00511,0.0002555,0.00010574,FILLED
2020-07-31T09:28:45.313,BNBBTC,BUY,MARKET,0.12,0.0018449,0.000221388,9E-05,FILLED
2020-07-31T09:28:45.34,LTCBTC,SELL,MARKET,0.05,0.00511,0.0002555,0.00010574,FILLED
2020-07-31T09:28:50.278,BNBBTC,BUY,MARKET,0.12,0.0018449,0.000221388,9E-05,FILLED
2020-07-31T09:28:50.447,LTCBTC,SELL,MARKET,0.05,0.00511,0.0002555,0.00010574,FILLED
2020-07-31T09:28:50.446,LTCBNB,BUY,MARKET,0.05,2.773,0.13865,0.00010395,FILLED
2020-07-31T09:28:50.606,BNBBTC,BUY,MARKET,0.12,0.0018449,0.000221388,9E-05,FILLED
2020-07-31T09:28:52.232,LTCBNB,BUY,MARKET,0.05,2.773,0.13865,0.00010395,FILLED
2020-07-31T09:28:52.296,LTCBTC,SELL,MARKET,0.05,0.00511,0.0002555,0.00010574,FILLED
2020-07-31T09:28:52.387,BNBBTC,BUY,MARKET,0.12,0.0018454,0.000221448,9E-05,FILLED
2020-07-31T09:29:07.973,LTCBNB,BUY,MARKET,0.05,2.777,0.13885,0.00010395,FILLED
2020-07-31T09:29:08.118,LTCBTC,SELL,MARKET,0.05,0.005111,0.00025555,0.00010574,FILLED
2020-07-31T09:29:08.148,BNBBTC,BUY,MARKET,0.12,0.0018455,0.00022146,9E-05,FILLED
2020-07-31T09:29:11.934,LTCBNB,BUY,MARKET,0.05,2.775,0.13875,0.00010395,FILLED
2020-07-31T09:29:11.966,LTCBTC,SELL,MARKET,0.05,0.00511,0.0002555,0.00010574,FILLED
2020-07-31T09:29:12.094,BNBBTC,BUY,MARKET,0.12,0.0018455,0.00022146,9E-05,FILLED
2020-07-31T09:29:13.346,LTCBNB,BUY,MARKET,0.05,2.774,0.1387,0.00010395,FILLED
2020-07-31T09:29:13.4,LTCBTC,SELL,MARKET,0.05,0.00511,0.0002555,0.00010574,FILLED
2020-07-31T09:29:13.51,BNBBTC,BUY,MARKET,0.12,0.0018455,0.00022146,9E-05,FILLED
2020-07-31T09:29:13.591,BNBBTC,BUY,MARKET,0.12,0.0018455,0.00022146,9E-05,FILLED
2020-07-31T09:29:13.778,LTCBNB,BUY,MARKET,0.05,2.774,0.1387,0.00010395,FILLED
2020-07-31T09:29:13.843,LTCBTC,SELL,MARKET,0.05,0.00511,0.0002555,0.00010574,FILLED
2020-07-31T09:29:13.874,BNBBTC,BUY,MARKET,0.12,0.0018455,0.00022146,9E-05,FILLED
2020-07-31T09:29:17.949,LTCBNB,BUY,MARKET,0.05,2.774,0.1387,0.00010395,FILLED
2020-07-31T09:29:17.955,LTCBTC,SELL,MARKET,0.05,0.00511,0.0002555,0.00010574,FILLED
2020-07-31T09:29:18.961,BNBBTC,BUY,MARKET,0.12,0.0018455,0.00022146,9E-05,FILLED
2020-07-31T09:29:19.442,LTCBNB,BUY,MARKET,0.05,2.774,0.1387,0.00010395,FILLED
2020-07-31T09:29:19.447,LTCBTC,SELL,MARKET,0.05,0.005111,0.00025555,0.00010574,FILLED
2020-07-31T09:29:19.51,BNBBTC,BUY,MARKET,0.12,0.0018455,0.00022146,9E-05,FILLED
2020-07-31T09:29:20.828,LTCBNB,BUY,MARKET,0.05,2.774,0.1387,0.00010395,FILLED
2020-07-31T09:29:20.992,LTCBTC,SELL,MARKET,0.05,0.005111,0.00025555,0.00010574,FILLED
2020-07-31T09:29:21.109,BNBBTC,BUY,MARKET,0.12,0.0018451,0.000221412,9E-05,FILLED
2020-07-31T09:29:27.619,LTCBTC,SELL,MARKET,0.05,0.005111,0.00025555,0.00010574,FILLED
2020-07-31T09:29:27.618,LTCBNB,BUY,MARKET,0.05,2.774,0.1387,0.00010395,FILLED
2020-07-31T09:29:27.878,BNBBTC,BUY,MARKET,0.12,0.0018449,0.000221388,9E-05,FILLED
2020-07-31T09:29:27.906,LTCBNB,BUY,MARKET,0.05,2.774,0.1387,0.00010395,FILLED
2020-07-31T09:29:27.935,LTCBTC,SELL,MARKET,0.05,0.005111,0.00025555,0.00010574,FILLED
2020-07-31T09:29:27.961,BNBBTC,BUY,MARKET,0.12,0.0018449,0.000221388,9E-05,FILLED
2020-07-31T09:29:32.183,LTCBNB,BUY,MARKET,0.05,2.775,0.13875,0.00010395,FILLED
2020-07-31T09:29:32.227,LTCBTC,SELL,MARKET,0.05,0.005111,0.00025555,0.00010574,FILLED
2020-07-31T09:29:32.281,BNBBTC,BUY,MARKET,0.12,0.0018456,0.000221472,9E-05,FILLED
2020-07-31T09:29:32.681,LTCBNB,BUY,MARKET,0.05,2.775,0.13875,0.00010395,FILLED
2020-07-31T09:29:32.726,LTCBTC,SELL,MARKET,0.05,0.005111,0.00025555,0.00010574,FILLED
2020-07-31T09:29:32.769,BNBBTC,BUY,MARKET,0.12,0.0018456,0.000221472,9E-05,FILLED
2020-07-31T09:29:33.478,BNBBTC,BUY,MARKET,0.12,0.0018458,0.000221496,9E-05,FILLED
2020-07-31T09:29:38.768,LTCBNB,BUY,MARKET,0.05,2.776,0.1388,0.00010395,FILLED
2020-07-31T09:29:38.825,LTCBTC,SELL,MARKET,0.05,0.005111,0.00025555,0.00010574,FILLED
2020-07-31T09:29:38.83,BNBBTC,BUY,MARKET,0.12,0.0018454,0.000221448,9E-05,FILLED
2020-07-31T09:29:40.079,LTCBNB,BUY,MARKET,0.05,2.776,0.1388,0.00010395,FILLED
2020-07-31T09:29:40.146,LTCBTC,SELL,MARKET,0.05,0.005111,0.00025555,0.00010574,FILLED
2020-07-31T09:29:40.175,BNBBTC,BUY,MARKET,0.12,0.0018452,0.000221424,9E-05,FILLED
2020-07-31T09:29:42.1,LTCBNB,BUY,MARKET,0.05,2.775,0.13875,0.00010395,FILLED
2020-07-31T09:29:42.173,LTCBTC,SELL,MARKET,0.05,0.005111,0.00025555,0.00010574,FILLED
2020-07-31T09:29:42.202,BNBBTC,BUY,MARKET,0.12,0.0018451,0.000221412,9E-05,FILLED
2020-07-31T09:29:42.335,BNBBTC,BUY,MARKET,0.12,0.0018451,0.000221412,9E-05,FILLED
2020-07-31T09:29:42.437,LTCBNB,BUY,MARKET,0.05,2.774,0.1387,0.00010395,FILLED
2020-07-31T09:29:42.465,LTCBNB,BUY,MARKET,0.05,2.774,0.1387,0.00010395,FILLED
2020-07-31T09:29:42.598,LTCBTC,SELL,MARKET,0.05,0.005111,0.00025555,0.00010574,FILLED
2020-07-31T09:29:42.632,BNBBTC,BUY,MARKET,0.12,0.0018451,0.000221412,9E-05,FILLED
2020-07-31T09:29:42.632,LTCBTC,SELL,MARKET,0.05,0.005111,0.00025555,0.00010574,FILLED
2020-07-31T09:29:42.658,BNBBTC,BUY,MARKET,0.12,0.0018451,0.000221412,9E-05,FILLED
2020-07-31T09:29:42.73,LTCBNB,BUY,MARKET,0.05,2.774,0.1387,0.00010395,FILLED
2020-07-31T09:29:42.764,LTCBTC,SELL,MARKET,0.05,0.005111,0.00025555,0.00010574,FILLED
2020-07-31T09:29:42.787,BNBBTC,BUY,MARKET,0.12,0.0018451,0.000221412,9E-05,FILLED
2020-07-31T09:29:44.332,LTCBTC,SELL,MARKET,0.05,0.005111,0.00025555,0.00010574,FILLED
2020-07-31T09:29:44.331,LTCBNB,BUY,MARKET,0.05,2.774,0.1387,0.00010395,FILLED
2020-07-31T09:29:46.083,BNBBTC,BUY,MARKET,0.12,0.001845,0.0002214,9E-05,FILLED
2020-07-31T09:29:46.899,LTCBNB,BUY,MARKET,0.05,2.773,0.13865,0.00010395,FILLED
2020-07-31T09:29:47.167,LTCBTC,SELL,MARKET,0.05,0.005111,0.00025555,0.00010574,FILLED
2020-07-31T09:29:47.233,BNBBTC,BUY,MARKET,0.12,0.0018453,0.000221436,9E-05,FILLED
2020-07-31T09:29:47.93,BNBBTC,BUY,MARKET,0.12,0.0018453,0.000221436,9E-05,FILLED
2020-07-31T09:29:48.207,LTCBNB,BUY,MARKET,0.05,2.773,0.13865,0.00010395,FILLED
2020-07-31T09:29:49.669,LTCBNB,BUY,MARKET,0.05,2.773,0.13865,0.00010395,FILLED
2020-07-31T09:29:49.763,LTCBTC,SELL,MARKET,0.05,0.00511,0.0002555,0.00010574,FILLED
2020-07-31T09:29:49.765,BNBBTC,BUY,MARKET,0.12,0.0018453,0.000221436,9E-05,FILLED
2020-07-31T09:29:50.235,LTCBTC,SELL,MARKET,0.05,0.00511,0.0002555,0.00010574,FILLED
2020-07-31T09:29:50.355,BNBBTC,BUY,MARKET,0.12,0.0018453,0.000221436,9E-05,FILLED
2020-07-31T09:29:50.448,LTCBNB,BUY,MARKET,0.05,2.773,0.13865,0.00010395,FILLED
2020-07-31T09:30:00.323,LTCBNB,BUY,MARKET,0.05,2.774,0.1387,0.00010395,FILLED
2020-07-31T09:30:00.43,LTCBTC,SELL,MARKET,0.05,0.00511,0.0002555,0.00010574,FILLED
2020-07-31T09:30:02.132,BNBBTC,BUY,MARKET,0.12,0.0018454,0.000221448,9E-05,FILLED
2020-07-31T09:30:02.132,LTCBTC,SELL,MARKET,0.05,0.00511,0.0002555,0.00010574,FILLED
2020-07-31T09:30:02.647,BNBBTC,BUY,MARKET,0.12,0.0018454,0.000221448,9E-05,FILLED
2020-07-31T09:30:02.743,LTCBNB,BUY,MARKET,0.05,2.772,0.1386,0.00010395,FILLED
2020-07-31T09:30:03.188,LTCBTC,SELL,MARKET,0.05,0.00511,0.0002555,0.00010574,FILLED
2020-07-31T09:30:03.191,BNBBTC,BUY,MARKET,0.12,0.0018454,0.000221448,9E-05,FILLED
2020-07-31T09:30:03.193,LTCBNB,BUY,MARKET,0.05,2.772,0.1386,0.00010395,FILLED
2020-07-31T09:30:03.447,LTCBTC,SELL,MARKET,0.05,0.00511,0.0002555,0.00010574,FILLED
2020-07-31T09:30:03.518,BNBBTC,BUY,MARKET,0.12,0.0018454,0.000221448,9E-05,FILLED
2020-07-31T09:30:04.307,LTCBNB,BUY,MARKET,0.05,2.772,0.1386,0.00010395,FILLED
2020-07-31T09:30:04.711,LTCBTC,SELL,MARKET,0.05,0.00511,0.0002555,0.00010574,FILLED
2020-07-31T09:30:04.716,BNBBTC,BUY,MARKET,0.12,0.0018454,0.000221448,9E-05,FILLED
2020-07-31T09:30:05.169,LTCBNB,BUY,MARKET,0.05,2.772,0.1386,0.00010395,FILLED
2020-07-31T09:30:05.463,LTCBTC,SELL,MARKET,0.05,0.00511,0.0002555,0.00010574,FILLED
2020-07-31T09:30:05.571,BNBBTC,BUY,MARKET,0.12,0.0018454,0.000221448,9E-05,FILLED
2020-07-31T09:30:06.025,LTCBNB,BUY,MARKET,0.05,2.772,0.1386,0.00010395,FILLED
2020-07-31T09:30:06.261,BNBBTC,BUY,MARKET,0.12,0.0018453,0.000221436,9E-05,FILLED
2020-07-31T09:30:06.447,LTCBNB,BUY,MARKET,0.05,2.772,0.1386,0.00010395,FILLED
2020-07-31T09:30:06.596,LTCBTC,SELL,MARKET,0.05,0.00511,0.0002555,0.00010574,FILLED
2020-07-31T09:30:06.73,BNBBTC,BUY,MARKET,0.12,0.0018453,0.000221436,9E-05,FILLED
2020-07-31T09:30:08.254,LTCBNB,BUY,MARKET,0.05,2.772,0.1386,0.00010395,FILLED
2020-07-31T09:30:08.292,LTCBTC,SELL,MARKET,0.05,0.00511,0.0002555,0.00010574,FILLED
2020-07-31T09:30:08.295,BNBBTC,BUY,MARKET,0.12,0.001845,0.0002214,9E-05,FILLED
2020-07-31T09:30:08.742,LTCBTC,SELL,MARKET,0.05,0.00511,0.0002555,0.00010574,FILLED
2020-07-31T09:30:09.352,BNBBTC,BUY,MARKET,0.12,0.0018452,0.000221424,9E-05,FILLED
2020-07-31T09:30:09.681,LTCBNB,BUY,MARKET,0.05,2.772,0.1386,0.00010395,FILLED
2020-07-31T09:30:09.721,LTCBTC,SELL,MARKET,0.05,0.00511,0.0002555,0.00010574,FILLED
2020-07-31T09:30:09.993,BNBBTC,BUY,MARKET,0.12,0.0018452,0.000221424,9E-05,FILLED
2020-07-31T09:30:10.047,LTCBNB,BUY,MARKET,0.05,2.772,0.1386,0.00010395,FILLED
2020-07-31T09:30:10.081,LTCBTC,SELL,MARKET,0.05,0.00511,0.0002555,0.00010574,FILLED
2020-07-31T09:30:10.082,BNBBTC,BUY,MARKET,0.12,0.0018452,0.000221424,9E-05,FILLED
2020-07-31T09:30:10.425,BNBBTC,BUY,MARKET,0.12,0.0018452,0.000221424,9E-05,FILLED
2020-07-31T09:30:11.477,LTCBNB,BUY,MARKET,0.05,2.772,0.1386,0.00010395,FILLED
2020-07-31T09:30:14.358,LTCBNB,BUY,MARKET,0.05,2.773,0.13865,0.00010395,FILLED
2020-07-31T09:30:14.435,LTCBTC,SELL,MARKET,0.05,0.00511,0.0002555,0.00010574,FILLED
2020-07-31T09:30:14.565,BNBBTC,BUY,MARKET,0.12,0.0018454,0.000221448,9E-05,FILLED
2020-07-31T09:30:15.075,LTCBNB,BUY,MARKET,0.05,2.773,0.13865,0.00010395,FILLED
2020-07-31T09:30:15.21,LTCBTC,SELL,MARKET,0.05,0.00511,0.0002555,0.00010574,FILLED
2020-07-31T09:30:15.288,BNBBTC,BUY,MARKET,0.12,0.0018454,0.000221448,9E-05,FILLED
2020-07-31T09:30:15.326,LTCBTC,SELL,MARKET,0.05,0.00511,0.0002555,0.00010574,FILLED
2020-07-31T09:30:15.406,BNBBTC,BUY,MARKET,0.12,0.0018454,0.000221448,9E-05,FILLED
2020-07-31T09:30:15.927,LTCBNB,BUY,MARKET,0.05,2.773,0.13865,0.00010395,FILLED
2020-07-31T09:30:15.989,LTCBTC,SELL,MARKET,0.05,0.00511,0.0002555,0.00010574,FILLED
2020-07-31T09:30:16.204,BNBBTC,BUY,MARKET,0.12,0.001845,0.0002214,9E-05,FILLED
2020-07-31T09:30:22.311,LTCBNB,BUY,MARKET,0.05,2.774,0.1387,0.00010395,FILLED
2020-07-31T09:30:22.494,LTCBTC,SELL,MARKET,0.05,0.00511,0.0002555,0.00010574,FILLED
2020-07-31T09:30:22.637,BNBBTC,BUY,MARKET,0.12,0.0018454,0.000221448,9E-05,FILLED
2020-07-31T09:30:23.843,LTCBNB,BUY,MARKET,0.05,2.773,0.13865,0.00010395,FILLED
2020-07-31T09:30:24.032,LTCBTC,SELL,MARKET,0.05,0.00511,0.0002555,0.00010574,FILLED
2020-07-31T09:30:24.231,BNBBTC,BUY,MARKET,0.12,0.0018454,0.000221448,9E-05,FILLED
2020-07-31T09:30:24.334,LTCBNB,BUY,MARKET,0.05,2.773,0.13865,0.00010395,FILLED
2020-07-31T09:30:25.403,LTCBTC,SELL,MARKET,0.05,0.00511,0.0002555,0.00010574,FILLED
2020-07-31T09:30:25.632,BNBBTC,BUY,MARKET,0.12,0.0018454,0.000221448,9E-05,FILLED
2020-07-31T09:30:26.897,LTCBNB,BUY,MARKET,0.05,2.772,0.1386,0.00010395,FILLED
2020-07-31T09:30:26.969,LTCBTC,SELL,MARKET,0.05,0.005109,0.00025545,0.00010574,FILLED
2020-07-31T09:30:27.032,BNBBTC,BUY,MARKET,0.12,0.0018454,0.000221448,9E-05,FILLED
2020-07-31T09:30:29.965,LTCBNB,BUY,MARKET,0.05,2.772,0.1386,0.00010395,FILLED
2020-07-31T09:30:30.032,LTCBTC,SELL,MARKET,0.05,0.005109,0.00025545,0.00010574,FILLED
2020-07-31T09:30:30.295,BNBBTC,BUY,MARKET,0.12,0.0018455,0.00022146,9E-05,FILLED
2020-07-31T09:30:34.154,LTCBNB,BUY,MARKET,0.05,2.774,0.1387,0.00010395,FILLED
2020-07-31T09:30:34.289,LTCBTC,SELL,MARKET,0.05,0.005109,0.00025545,0.00010574,FILLED
2020-07-31T09:30:34.437,BNBBTC,BUY,MARKET,0.12,0.0018453,0.000221436,9E-05,FILLED
2020-07-31T09:30:38.504,BNBBTC,BUY,MARKET,0.12,0.0018451,0.000221412,9E-05,FILLED
2020-07-31T09:30:40.138,LTCBNB,BUY,MARKET,0.05,2.773,0.13865,0.00010395,FILLED
2020-07-31T09:30:40.2,LTCBTC,SELL,MARKET,0.05,0.00511,0.0002555,0.00010574,FILLED
2020-07-31T09:30:40.239,BNBBTC,BUY,MARKET,0.12,0.001845,0.0002214,9E-05,FILLED
2020-07-31T09:30:40.746,LTCBNB,BUY,MARKET,0.05,2.773,0.13865,0.00010395,FILLED
2020-07-31T09:30:40.781,LTCBTC,SELL,MARKET,0.05,0.00511,0.0002555,0.00010574,FILLED
2020-07-31T09:30:40.783,BNBBTC,BUY,MARKET,0.12,0.001845,0.0002214,9E-05,FILLED
2020-07-31T09:30:42.73,LTCBNB,BUY,MARKET,0.05,2.773,0.13865,0.00010395,FILLED
2020-07-31T09:30:42.807,LTCBTC,SELL,MARKET,0.05,0.00511,0.0002555,0.00010574,FILLED
2020-07-31T09:30:42.843,BNBBTC,BUY,MARKET,0.12,0.001845,0.0002214,9E-05,FILLED
2020-07-31T09:30:43.072,LTCBNB,BUY,MARKET,0.05,2.773,0.13865,0.00010395,FILLED
2020-07-31T09:30:47.521,LTCBTC,SELL,MARKET,0.05,0.00511,0.0002555,0.00010574,FILLED
2020-07-31T09:30:47.578,BNBBTC,BUY,MARKET,0.12,0.001845,0.0002214,9E-05,FILLED
2020-07-31T09:30:49.06,LTCBNB,BUY,MARKET,0.05,2.774,0.1387,0.00010395,FILLED
2020-07-31T09:30:49.175,LTCBTC,SELL,MARKET,0.05,0.00511,0.0002555,0.00010574,FILLED
2020-07-31T09:30:49.383,BNBBTC,BUY,MARKET,0.12,0.0018449,0.000221388,9E-05,FILLED
2020-07-31T09:30:50.177,LTCBNB,BUY,MARKET,0.05,2.774,0.1387,0.00010395,FILLED
2020-07-31T09:30:50.425,LTCBTC,SELL,MARKET,0.05,0.00511,0.0002555,0.00010574,FILLED
2020-07-31T09:30:50.472,BNBBTC,BUY,MARKET,0.12,0.0018451,0.000221412,9E-05,FILLED
2020-07-31T09:30:51.341,LTCBNB,BUY,MARKET,0.05,2.774,0.1387,0.00010395,FILLED
2020-07-31T09:30:51.424,LTCBTC,SELL,MARKET,0.05,0.00511,0.0002555,0.00010574,FILLED
2020-07-31T09:30:51.459,BNBBTC,BUY,MARKET,0.12,0.0018451,0.000221412,9E-05,FILLED
2020-07-31T09:30:51.967,BNBBTC,BUY,MARKET,0.12,0.0018451,0.000221412,9E-05,FILLED
2020-07-31T09:30:53.032,LTCBNB,BUY,MARKET,0.05,2.774,0.1387,0.00010395,FILLED
2020-07-31T09:30:53.1,LTCBTC,SELL,MARKET,0.05,0.00511,0.0002555,0.00010574,FILLED
2020-07-31T09:30:53.228,BNBBTC,BUY,MARKET,0.12,0.0018451,0.000221412,9E-05,FILLED
2020-07-31T09:30:53.724,LTCBNB,BUY,MARKET,0.05,2.774,0.1387,0.00010395,FILLED
2020-07-31T09:30:53.759,LTCBTC,SELL,MARKET,0.05,0.00511,0.0002555,0.00010574,FILLED
2020-07-31T09:30:53.995,BNBBTC,BUY,MARKET,0.12,0.001845,0.0002214,9E-05,FILLED
2020-07-31T09:30:54.064,LTCBNB,BUY,MARKET,0.05,2.774,0.1387,0.00010395,FILLED
2020-07-31T09:30:54.102,LTCBTC,SELL,MARKET,0.05,0.00511,0.0002555,0.00010574,FILLED
2020-07-31T09:30:54.861,BNBBTC,BUY,MARKET,0.12,0.001845,0.0002214,9E-05,FILLED
2020-07-31T09:30:54.982,LTCBNB,BUY,MARKET,0.05,2.774,0.1387,0.00010395,FILLED
2020-07-31T09:30:56.484,LTCBTC,SELL,MARKET,0.05,0.00511,0.0002555,0.00010574,FILLED
2020-07-31T09:30:56.507,BNBBTC,BUY,MARKET,0.12,0.001845,0.0002214,9E-05,FILLED
2020-07-31T09:31:02.326,LTCBNB,BUY,MARKET,0.05,2.773,0.13865,0.00010395,FILLED
2020-07-31T09:31:02.37,BNBBTC,BUY,MARKET,0.12,0.0018452,0.000221424,9E-05,FILLED
2020-07-31T09:31:02.369,LTCBTC,SELL,MARKET,0.05,0.005111,0.00025555,0.00010574,FILLED
2020-07-31T09:31:03.076,LTCBNB,BUY,MARKET,0.05,2.773,0.13865,0.00010395,FILLED
2020-07-31T09:31:03.081,LTCBTC,SELL,MARKET,0.05,0.005111,0.00025555,0.00010574,FILLED
2020-07-31T09:31:03.123,BNBBTC,BUY,MARKET,0.12,0.0018452,0.000221424,9E-05,FILLED
2020-07-31T09:31:06.675,BNBBTC,BUY,MARKET,0.12,0.0018452,0.000221424,9E-05,FILLED
2020-07-31T09:31:07.041,LTCBNB,BUY,MARKET,0.05,2.774,0.1387,0.00010395,FILLED
2020-07-31T09:31:07.088,LTCBTC,SELL,MARKET,0.05,0.005111,0.00025555,0.00010574,FILLED
2020-07-31T09:31:07.381,BNBBTC,BUY,MARKET,0.12,0.0018456,0.000221472,9E-05,FILLED
2020-07-31T09:31:07.518,LTCBNB,BUY,MARKET,0.05,2.773,0.13865,0.00010395,FILLED
2020-07-31T09:31:08.636,LTCBTC,SELL,MARKET,0.05,0.005111,0.00025555,0.00010574,FILLED
2020-07-31T09:31:08.884,BNBBTC,BUY,MARKET,0.12,0.0018456,0.000221472,9E-05,FILLED
2020-07-31T09:31:08.964,LTCBNB,BUY,MARKET,0.05,2.773,0.13865,0.00010395,FILLED
2020-07-31T09:31:09.006,LTCBTC,SELL,MARKET,0.05,0.005111,0.00025555,0.00010574,FILLED
2020-07-31T09:31:09.064,BNBBTC,BUY,MARKET,0.12,0.0018456,0.000221472,9E-05,FILLED
2020-07-31T09:31:09.418,BNBBTC,BUY,MARKET,0.12,0.0018456,0.000221472,9E-05,FILLED
2020-07-31T09:31:09.758,LTCBNB,BUY,MARKET,0.05,2.773,0.13865,0.00010395,FILLED
2020-07-31T09:31:09.762,LTCBNB,BUY,MARKET,0.05,2.773,0.13865,0.00010395,FILLED
2020-07-31T09:31:10.361,LTCBTC,SELL,MARKET,0.05,0.005111,0.00025555,0.00010574,FILLED
2020-07-31T09:31:10.478,BNBBTC,BUY,MARKET,0.12,0.0018454,0.000221448,9E-05,FILLED
2020-07-31T09:31:12.096,LTCBNB,BUY,MARKET,0.05,2.772,0.1386,0.00010395,FILLED
2020-07-31T09:31:12.85,LTCBTC,SELL,MARKET,0.05,0.005111,0.00025555,0.00010574,FILLED
2020-07-31T09:31:14.303,BNBBTC,BUY,MARKET,0.12,0.0018455,0.00022146,9E-05,FILLED
2020-07-31T09:31:14.307,LTCBTC,SELL,MARKET,0.05,0.005111,0.00025555,0.00010574,FILLED
2020-07-31T09:31:18.382,BNBBTC,BUY,MARKET,0.12,0.0018454,0.000221448,9E-05,FILLED
2020-07-31T09:31:19.205,LTCBNB,BUY,MARKET,0.05,2.772,0.1386,0.00010395,FILLED
2020-07-31T09:31:19.528,LTCBTC,SELL,MARKET,0.05,0.005111,0.00025555,0.00010574,FILLED
2020-07-31T09:31:19.634,BNBBTC,BUY,MARKET,0.12,0.0018454,0.000221448,9E-05,FILLED
2020-07-31T09:31:20.21,LTCBNB,BUY,MARKET,0.05,2.772,0.1386,0.00010395,FILLED
2020-07-31T09:31:20.4,LTCBTC,SELL,MARKET,0.05,0.005111,0.00025555,0.00010574,FILLED
2020-07-31T09:31:23.325,BNBBTC,BUY,MARKET,0.12,0.0018454,0.000221448,9E-05,FILLED
2020-07-31T09:31:26.688,LTCBNB,BUY,MARKET,0.05,2.773,0.13865,0.00010395,FILLED
2020-07-31T09:31:26.808,LTCBTC,SELL,MARKET,0.05,0.005111,0.00025555,0.00010574,FILLED
2020-07-31T09:31:26.977,BNBBTC,BUY,MARKET,0.12,0.0018454,0.000221448,9E-05,FILLED
2020-07-31T09:31:28.537,LTCBNB,BUY,MARKET,0.05,2.773,0.13865,0.00010395,FILLED
2020-07-31T09:31:28.653,LTCBTC,SELL,MARKET,0.05,0.005111,0.00025555,0.00010574,FILLED
2020-07-31T09:31:28.797,BNBBTC,BUY,MARKET,0.12,0.0018454,0.000221448,9E-05,FILLED
2020-07-31T09:31:31.195,LTCBNB,BUY,MARKET,0.05,2.773,0.13865,0.00010395,FILLED
2020-07-31T09:31:33.242,LTCBTC,SELL,MARKET,0.05,0.00511,0.0002555,0.00010574,FILLED
2020-07-31T09:31:33.404,BNBBTC,BUY,MARKET,0.12,0.0018452,0.000221424,9E-05,FILLED
2020-07-31T09:31:33.448,BNBBTC,BUY,MARKET,0.12,0.0018452,0.000221424,9E-05,FILLED
2020-07-31T09:31:34.183,LTCBNB,BUY,MARKET,0.05,2.773,0.13865,0.00010395,FILLED
2020-07-31T09:31:40.244,LTCBNB,BUY,MARKET,0.05,2.773,0.13865,0.00010395,FILLED
2020-07-31T09:31:42.659,LTCBTC,SELL,MARKET,0.02,0.005111,0.00010222,4.066E-05,FILLED
2020-07-31T09:31:42.872,BNBBTC,BUY,MARKET,0.12,0.0018451,0.000221412,9E-05,FILLED
2020-07-31T09:31:43.212,LTCBTC,SELL,MARKET,0.05,0.00511,0.0002555,0.00010574,FILLED
2020-07-31T09:31:43.421,BNBBTC,BUY,MARKET,0.12,0.0018451,0.000221412,9E-05,FILLED
2020-07-31T09:31:50.593,LTCBNB,BUY,MARKET,0.05,2.773,0.13865,0.00010395,FILLED
2020-07-31T09:31:50.622,LTCBTC,SELL,MARKET,0.05,0.00511,0.0002555,0.00010574,FILLED
2020-07-31T09:31:50.711,BNBBTC,BUY,MARKET,0.12,0.0018451,0.000221412,9E-05,FILLED
2020-07-31T09:31:51.662,LTCBNB,BUY,MARKET,0.05,2.773,0.13865,0.00010395,FILLED
2020-07-31T09:31:51.702,LTCBTC,SELL,MARKET,0.05,0.00511,0.0002555,0.00010574,FILLED
2020-07-31T09:31:51.874,BNBBTC,BUY,MARKET,0.12,0.0018451,0.000221412,9E-05,FILLED
2020-07-31T09:31:53.618,LTCBNB,BUY,MARKET,0.05,2.773,0.13865,0.00010395,FILLED
2020-07-31T09:31:53.662,LTCBTC,SELL,MARKET,0.05,0.00511,0.0002555,0.00010574,FILLED
2020-07-31T09:31:54.37,BNBBTC,BUY,MARKET,0.12,0.0018451,0.000221412,9E-05,FILLED
2020-07-31T09:31:54.428,LTCBNB,BUY,MARKET,0.05,2.773,0.13865,0.00010395,FILLED
2020-07-31T09:31:54.466,LTCBTC,SELL,MARKET,0.05,0.00511,0.0002555,0.00010574,FILLED
2020-07-31T09:32:01.065,BNBBTC,BUY,MARKET,0.12,0.0018451,0.000221412,9E-05,FILLED
2020-07-31T09:32:01.621,LTCBNB,BUY,MARKET,0.05,2.772,0.1386,0.00010395,FILLED
2020-07-31T09:32:02.734,LTCBTC,SELL,MARKET,0.05,0.00511,0.0002555,0.00010574,FILLED
2020-07-31T09:32:02.832,BNBBTC,BUY,MARKET,0.12,0.0018451,0.000221412,9E-05,FILLED
2020-07-31T09:32:05.196,LTCBNB,BUY,MARKET,0.05,2.772,0.1386,0.00010395,FILLED
2020-07-31T09:32:05.236,LTCBTC,SELL,MARKET,0.05,0.00511,0.0002555,0.00010574,FILLED
2020-07-31T09:32:05.294,BNBBTC,BUY,MARKET,0.12,0.0018451,0.000221412,9E-05,FILLED
2020-07-31T09:32:07.894,BNBBTC,BUY,MARKET,0.12,0.0018453,0.000221436,9E-05,FILLED
2020-07-31T09:32:08.714,LTCBTC,SELL,MARKET,0.05,0.00511,0.0002555,0.00010574,FILLED
2020-07-31T09:32:08.711,LTCBNB,BUY,MARKET,0.05,2.772,0.1386,0.00010395,FILLED
2020-07-31T09:32:08.747,BNBBTC,BUY,MARKET,0.12,0.0018453,0.000221436,9E-05,FILLED
2020-07-31T09:32:09.077,LTCBNB,BUY,MARKET,0.05,2.772,0.1386,0.00010395,FILLED
2020-07-31T09:32:09.077,LTCBTC,SELL,MARKET,0.05,0.00511,0.0002555,0.00010574,FILLED
2020-07-31T09:32:09.083,BNBBTC,BUY,MARKET,0.12,0.0018453,0.000221436,9E-05,FILLED
2020-07-31T09:32:09.782,LTCBNB,BUY,MARKET,0.05,2.772,0.1386,0.00010395,FILLED
2020-07-31T09:32:09.826,LTCBTC,SELL,MARKET,0.05,0.00511,0.0002555,0.00010574,FILLED
2020-07-31T09:32:09.827,BNBBTC,BUY,MARKET,0.12,0.0018452,0.000221424,9E-05,FILLED
2020-07-31T09:32:10.347,LTCBNB,BUY,MARKET,0.05,2.772,0.1386,0.00010395,FILLED
2020-07-31T09:32:10.476,LTCBTC,SELL,MARKET,0.05,0.00511,0.0002555,0.00010574,FILLED
2020-07-31T09:32:10.692,BNBBTC,BUY,MARKET,0.12,0.0018452,0.000221424,9E-05,FILLED
2020-07-31T09:32:11.142,LTCBNB,BUY,MARKET,0.05,2.772,0.1386,0.00010395,FILLED
2020-07-31T09:32:11.425,LTCBTC,SELL,MARKET,0.05,0.005111,0.00025555,0.00010574,FILLED
2020-07-31T09:32:11.524,BNBBTC,BUY,MARKET,0.12,0.0018452,0.000221424,9E-05,FILLED
2020-07-31T09:32:11.526,BNBBTC,BUY,MARKET,0.12,0.0018452,0.000221424,9E-05,FILLED
2020-07-31T09:32:11.573,LTCBNB,BUY,MARKET,0.05,2.772,0.1386,0.00010395,FILLED
2020-07-31T09:32:11.778,LTCBTC,SELL,MARKET,0.05,0.005111,0.00025555,0.00010574,FILLED
2020-07-31T09:32:11.951,BNBBTC,BUY,MARKET,0.12,0.0018452,0.000221424,9E-05,FILLED
2020-07-31T09:32:15.495,LTCBNB,BUY,MARKET,0.05,2.774,0.1387,0.00010395,FILLED
2020-07-31T09:32:15.674,LTCBTC,SELL,MARKET,0.05,0.005111,0.00025555,0.00010574,FILLED
2020-07-31T09:32:15.822,BNBBTC,BUY,MARKET,0.12,0.0018448,0.000221376,9E-05,FILLED
2020-07-31T09:32:15.881,LTCBNB,BUY,MARKET,0.05,2.774,0.1387,0.00010395,FILLED
2020-07-31T09:32:16.017,LTCBTC,SELL,MARKET,0.05,0.005111,0.00025555,0.00010574,FILLED
2020-07-31T09:32:16.211,BNBBTC,BUY,MARKET,0.12,0.0018448,0.000221376,9E-05,FILLED
2020-07-31T09:32:16.626,LTCBNB,BUY,MARKET,0.05,2.773,0.13865,0.00010395,FILLED
2020-07-31T09:32:18.815,LTCBTC,SELL,MARKET,0.05,0.005111,0.00025555,0.00010574,FILLED
2020-07-31T09:32:18.997,BNBBTC,BUY,MARKET,0.12,0.0018446,0.000221352,9E-05,FILLED
2020-07-31T09:32:20.244,LTCBNB,BUY,MARKET,0.05,2.773,0.13865,0.00010395,FILLED
2020-07-31T09:32:20.509,LTCBTC,SELL,MARKET,0.05,0.005111,0.00025555,0.00010574,FILLED
2020-07-31T09:32:20.544,BNBBTC,BUY,MARKET,0.12,0.0018446,0.000221352,9E-05,FILLED
2020-07-31T09:32:22.273,LTCBNB,BUY,MARKET,0.05,2.773,0.13865,0.00010395,FILLED
2020-07-31T09:32:22.502,LTCBTC,SELL,MARKET,0.05,0.005111,0.00025555,0.00010574,FILLED
2020-07-31T09:32:22.539,BNBBTC,BUY,MARKET,0.12,0.0018446,0.000221352,9E-05,FILLED
2020-07-31T09:32:22.541,LTCBNB,BUY,MARKET,0.05,2.773,0.13865,0.00010395,FILLED
2020-07-31T09:32:22.612,LTCBTC,SELL,MARKET,0.05,0.005111,0.00025555,0.00010574,FILLED
2020-07-31T09:32:22.876,BNBBTC,BUY,MARKET,0.12,0.0018451,0.000221412,9E-05,FILLED
2020-07-31T09:32:23.091,LTCBNB,BUY,MARKET,0.05,2.773,0.13865,0.00010395,FILLED
2020-07-31T09:32:23.094,LTCBTC,SELL,MARKET,0.05,0.005111,0.00025555,0.00010574,FILLED
2020-07-31T09:32:23.219,BNBBTC,BUY,MARKET,0.12,0.0018449,0.000221388,9E-05,FILLED
2020-07-31T09:32:23.472,BNBBTC,BUY,MARKET,0.12,0.0018449,0.000221388,9E-05,FILLED
2020-07-31T09:32:23.477,LTCBNB,BUY,MARKET,0.05,2.773,0.13865,0.00010395,FILLED
2020-07-31T09:32:23.889,LTCBTC,SELL,MARKET,0.05,0.005111,0.00025555,0.00010574,FILLED
2020-07-31T09:32:23.936,BNBBTC,BUY,MARKET,0.12,0.0018449,0.000221388,9E-05,FILLED
2020-07-31T09:32:24.277,LTCBNB,BUY,MARKET,0.05,2.773,0.13865,0.00010395,FILLED
2020-07-31T09:32:24.317,LTCBTC,SELL,MARKET,0.05,0.005111,0.00025555,0.00010574,FILLED
2020-07-31T09:32:24.477,BNBBTC,BUY,MARKET,0.12,0.001845,0.0002214,9E-05,FILLED
2020-07-31T09:32:24.7,LTCBNB,BUY,MARKET,0.05,2.773,0.13865,0.00010395,FILLED
2020-07-31T09:32:24.729,LTCBTC,SELL,MARKET,0.05,0.005111,0.00025555,0.00010574,FILLED
2020-07-31T09:32:24.81,BNBBTC,BUY,MARKET,0.12,0.001845,0.0002214,9E-05,FILLED
2020-07-31T09:32:25.543,LTCBNB,BUY,MARKET,0.05,2.773,0.13865,0.00010395,FILLED
2020-07-31T09:32:25.611,LTCBTC,SELL,MARKET,0.05,0.005111,0.00025555,0.00010574,FILLED
2020-07-31T09:32:25.755,BNBBTC,BUY,MARKET,0.12,0.0018449,0.000221388,9E-05,FILLED
2020-07-31T09:32:25.926,LTCBNB,BUY,MARKET,0.05,2.773,0.13865,0.00010395,FILLED
2020-07-31T09:32:26.104,LTCBTC,SELL,MARKET,0.05,0.005111,0.00025555,0.00010574,FILLED
2020-07-31T09:32:26.143,BNBBTC,BUY,MARKET,0.12,0.0018449,0.000221388,9E-05,FILLED
2020-07-31T09:32:26.146,BNBBTC,BUY,MARKET,0.12,0.0018449,0.000221388,9E-05,FILLED
2020-07-31T09:32:26.226,LTCBNB,BUY,MARKET,0.05,2.773,0.13865,0.00010395,FILLED
2020-07-31T09:32:26.257,LTCBTC,SELL,MARKET,0.05,0.005111,0.00025555,0.00010574,FILLED
2020-07-31T09:32:26.315,BNBBTC,BUY,MARKET,0.12,0.0018449,0.000221388,9E-05,FILLED
2020-07-31T09:32:26.683,LTCBNB,BUY,MARKET,0.05,2.773,0.13865,0.00010395,FILLED
2020-07-31T09:32:26.925,LTCBTC,SELL,MARKET,0.01,0.00511,5.11E-05,2.033E-05,FILLED
2020-07-31T09:32:29.024,BNBBTC,BUY,MARKET,0.12,0.0018447,0.000221364,9E-05,FILLED
2020-07-31T09:32:29.069,LTCBNB,BUY,MARKET,0.05,2.773,0.13865,0.00010395,FILLED
2020-07-31T09:32:29.418,LTCBTC,SELL,MARKET,0.05,0.005109,0.00025545,0.00010574,FILLED
2020-07-31T09:32:29.419,BNBBTC,BUY,MARKET,0.12,0.0018447,0.000221364,9E-05,FILLED
2020-07-31T09:32:31.76,LTCBTC,SELL,MARKET,0.05,0.005109,0.00025545,0.00010574,FILLED
2020-07-31T09:32:31.759,LTCBNB,BUY,MARKET,0.05,2.773,0.13865,0.00010395,FILLED
2020-07-31T09:32:33.933,BNBBTC,BUY,MARKET,0.12,0.0018445,0.00022134,9E-05,FILLED
2020-07-31T09:32:34.712,LTCBNB,BUY,MARKET,0.05,2.773,0.13865,0.00010395,FILLED
2020-07-31T09:32:34.979,LTCBTC,SELL,MARKET,0.05,0.00511,0.0002555,0.00010574,FILLED
2020-07-31T09:32:35.027,BNBBTC,BUY,MARKET,0.12,0.0018445,0.00022134,9E-05,FILLED
2020-07-31T09:32:35.434,LTCBNB,BUY,MARKET,0.05,2.773,0.13865,0.00010395,FILLED
2020-07-31T09:32:35.677,LTCBTC,SELL,MARKET,0.05,0.00511,0.0002555,0.00010574,FILLED
2020-07-31T09:32:35.794,BNBBTC,BUY,MARKET,0.12,0.0018451,0.000221412,9E-05,FILLED
2020-07-31T09:32:35.938,BNBBTC,BUY,MARKET,0.12,0.001845,0.0002214,9E-05,FILLED
2020-07-31T09:32:35.989,LTCBNB,BUY,MARKET,0.05,2.773,0.13865,0.00010395,FILLED
2020-07-31T09:32:36.029,LTCBTC,SELL,MARKET,0.05,0.00511,0.0002555,0.00010574,FILLED
2020-07-31T09:32:36.138,BNBBTC,BUY,MARKET,0.12,0.001845,0.0002214,9E-05,FILLED
2020-07-31T09:32:36.462,LTCBNB,BUY,MARKET,0.05,2.773,0.13865,0.00010395,FILLED
2020-07-31T09:32:36.64,LTCBTC,SELL,MARKET,0.05,0.00511,0.0002555,0.00010574,FILLED
2020-07-31T09:32:36.754,BNBBTC,BUY,MARKET,0.12,0.001845,0.0002214,9E-05,FILLED
2020-07-31T09:32:36.86,LTCBNB,BUY,MARKET,0.05,2.773,0.13865,0.00010395,FILLED
2020-07-31T09:32:36.91,LTCBTC,SELL,MARKET,0.05,0.00511,0.0002555,0.00010574,FILLED
2020-07-31T09:32:36.984,BNBBTC,BUY,MARKET,0.12,0.0018449,0.000221388,9E-05,FILLED
2020-07-31T09:32:37.185,LTCBNB,BUY,MARKET,0.05,2.773,0.13865,0.00010395,FILLED
2020-07-31T09:32:37.521,LTCBTC,SELL,MARKET,0.05,0.00511,0.0002555,0.00010574,FILLED
2020-07-31T09:32:37.569,BNBBTC,BUY,MARKET,0.12,0.0018449,0.000221388,9E-05,FILLED
2020-07-31T09:32:37.601,LTCBNB,BUY,MARKET,0.05,2.773,0.13865,0.00010395,FILLED
2020-07-31T09:32:37.602,LTCBTC,SELL,MARKET,0.05,0.00511,0.0002555,0.00010574,FILLED
2020-07-31T09:32:37.867,BNBBTC,BUY,MARKET,0.12,0.0018449,0.000221388,9E-05,FILLED
2020-07-31T09:32:37.876,LTCBNB,BUY,MARKET,0.05,2.773,0.13865,0.00010395,FILLED
2020-07-31T09:32:37.935,LTCBTC,SELL,MARKET,0.05,0.00511,0.0002555,0.00010574,FILLED
2020-07-31T09:32:38.322,BNBBTC,BUY,MARKET,0.12,0.0018449,0.000221388,9E-05,FILLED
2020-07-31T09:32:38.353,LTCBNB,BUY,MARKET,0.05,2.773,0.13865,0.00010395,FILLED
2020-07-31T09:32:38.357,LTCBTC,SELL,MARKET,0.05,0.00511,0.0002555,0.00010574,FILLED
2020-07-31T09:32:38.405,BNBBTC,BUY,MARKET,0.12,0.0018449,0.000221388,9E-05,FILLED
2020-07-31T09:32:38.712,LTCBNB,BUY,MARKET,0.05,2.773,0.13865,0.00010395,FILLED
2020-07-31T09:32:38.84,BNBBTC,BUY,MARKET,0.12,0.0018449,0.000221388,9E-05,FILLED
2020-07-31T09:32:38.959,LTCBTC,SELL,MARKET,0.05,0.00511,0.0002555,0.00010574,FILLED
2020-07-31T09:32:39.059,BNBBTC,BUY,MARKET,0.12,0.0018449,0.000221388,9E-05,FILLED
2020-07-31T09:32:39.297,LTCBNB,BUY,MARKET,0.05,2.773,0.13865,0.00010395,FILLED
2020-07-31T09:32:39.921,LTCBTC,SELL,MARKET,0.05,0.005109,0.00025545,0.00010574,FILLED
2020-07-31T09:32:40.781,BNBBTC,BUY,MARKET,0.12,0.0018447,0.000221364,9E-05,FILLED
2020-07-31T09:32:40.888,LTCBTC,SELL,MARKET,0.05,0.005109,0.00025545,0.00010574,FILLED
2020-07-31T09:32:40.887,LTCBNB,BUY,MARKET,0.05,2.773,0.13865,0.00010395,FILLED
2020-07-31T09:32:40.939,BNBBTC,BUY,MARKET,0.12,0.0018447,0.000221364,9E-05,FILLED
2020-07-31T09:32:41.906,LTCBNB,BUY,MARKET,0.05,2.773,0.13865,0.00010395,FILLED
2020-07-31T09:32:42.154,LTCBTC,SELL,MARKET,0.05,0.005109,0.00025545,0.00010574,FILLED
2020-07-31T09:32:42.165,BNBBTC,BUY,MARKET,0.12,0.0018446,0.000221352,9E-05,FILLED
2020-07-31T09:32:42.228,LTCBNB,BUY,MARKET,0.05,2.773,0.13865,0.00010395,FILLED
2020-07-31T09:32:42.503,LTCBTC,SELL,MARKET,0.05,0.005109,0.00025545,0.00010574,FILLED
2020-07-31T09:32:42.558,BNBBTC,BUY,MARKET,0.12,0.0018446,0.000221352,9E-05,FILLED
2020-07-31T09:32:42.559,BNBBTC,BUY,MARKET,0.12,0.0018446,0.000221352,9E-05,FILLED
2020-07-31T09:32:42.619,LTCBNB,BUY,MARKET,0.05,2.773,0.13865,0.00010395,FILLED
2020-07-31T09:32:42.659,LTCBNB,BUY,MARKET,0.05,2.773,0.13865,0.00010395,FILLED
2020-07-31T09:32:42.833,LTCBTC,SELL,MARKET,0.05,0.005109,0.00025545,0.00010574,FILLED
2020-07-31T09:32:42.926,BNBBTC,BUY,MARKET,0.12,0.0018446,0.000221352,9E-05,FILLED
2020-07-31T09:32:42.935,LTCBTC,SELL,MARKET,0.05,0.005109,0.00025545,0.00010574,FILLED
2020-07-31T09:32:42.936,BNBBTC,BUY,MARKET,0.12,0.0018446,0.000221352,9E-05,FILLED
2020-07-31T09:32:43.084,LTCBNB,BUY,MARKET,0.05,2.773,0.13865,0.00010395,FILLED
2020-07-31T09:32:43.165,LTCBTC,SELL,MARKET,0.05,0.005109,0.00025545,0.00010574,FILLED
2020-07-31T09:32:43.303,BNBBTC,BUY,MARKET,0.12,0.0018446,0.000221352,9E-05,FILLED
2020-07-31T09:32:44.121,LTCBNB,BUY,MARKET,0.05,2.773,0.13865,0.00010395,FILLED
2020-07-31T09:32:44.586,LTCBTC,SELL,MARKET,0.05,0.005109,0.00025545,0.00010574,FILLED
2020-07-31T09:32:44.843,BNBBTC,BUY,MARKET,0.12,0.0018446,0.000221352,9E-05,FILLED
2020-07-31T09:32:46.264,LTCBNB,BUY,MARKET,0.05,2.773,0.13865,0.00010395,FILLED
2020-07-31T09:32:46.268,LTCBTC,SELL,MARKET,0.05,0.005109,0.00025545,0.00010574,FILLED
2020-07-31T09:32:46.7,BNBBTC,BUY,MARKET,0.12,0.0018444,0.000221328,9E-05,FILLED
2020-07-31T09:32:47.643,LTCBNB,BUY,MARKET,0.05,2.773,0.13865,0.00010395,FILLED
2020-07-31T09:32:49.429,LTCBTC,SELL,MARKET,0.05,0.00511,0.0002555,0.00010574,FILLED
2020-07-31T09:32:49.478,BNBBTC,BUY,MARKET,0.12,0.0018442,0.000221304,9E-05,FILLED
2020-07-31T09:32:50.166,LTCBNB,BUY,MARKET,0.05,2.773,0.13865,0.00010395,FILLED
2020-07-31T09:32:50.17,LTCBTC,SELL,MARKET,0.05,0.00511,0.0002555,0.00010574,FILLED
2020-07-31T09:32:50.25,BNBBTC,BUY,MARKET,0.12,0.0018443,0.000221316,9E-05,FILLED
2020-07-31T09:32:54.645,LTCBNB,BUY,MARKET,0.05,2.773,0.13865,0.00010395,FILLED
2020-07-31T09:32:54.65,BNBBTC,BUY,MARKET,0.12,0.0018443,0.000221316,9E-05,FILLED
2020-07-31T09:32:54.651,LTCBTC,SELL,MARKET,0.05,0.00511,0.0002555,0.00010574,FILLED
2020-07-31T09:32:55.624,BNBBTC,BUY,MARKET,0.12,0.0018438,0.000221256,9E-05,FILLED
2020-07-31T09:32:55.791,LTCBNB,BUY,MARKET,0.05,2.773,0.13865,0.00010395,FILLED
2020-07-31T09:32:55.983,LTCBTC,SELL,MARKET,0.05,0.00511,0.0002555,0.00010574,FILLED
2020-07-31T09:32:56.052,BNBBTC,BUY,MARKET,0.12,0.0018441,0.000221292,9E-05,FILLED
2020-07-31T09:32:58.867,LTCBNB,BUY,MARKET,0.05,2.774,0.1387,0.00010395,FILLED
2020-07-31T09:33:01.136,LTCBTC,SELL,MARKET,0.05,0.00511,0.0002555,0.00010574,FILLED
2020-07-31T09:33:01.24,BNBBTC,BUY,MARKET,0.12,0.001844,0.00022128,9E-05,FILLED
2020-07-31T09:33:01.306,LTCBNB,BUY,MARKET,0.05,2.774,0.1387,0.00010395,FILLED
2020-07-31T09:33:01.375,LTCBTC,SELL,MARKET,0.05,0.00511,0.0002555,0.00010574,FILLED
2020-07-31T09:33:01.725,BNBBTC,BUY,MARKET,0.12,0.001844,0.00022128,9E-05,FILLED
2020-07-31T09:33:01.901,LTCBNB,BUY,MARKET,0.05,2.774,0.1387,0.00010395,FILLED
2020-07-31T09:33:02.028,LTCBTC,SELL,MARKET,0.05,0.00511,0.0002555,0.00010574,FILLED
2020-07-31T09:33:02.029,BNBBTC,BUY,MARKET,0.12,0.001844,0.00022128,9E-05,FILLED
2020-07-31T09:33:02.623,LTCBNB,BUY,MARKET,0.05,2.774,0.1387,0.00010395,FILLED
2020-07-31T09:33:03.28,LTCBTC,SELL,MARKET,0.05,0.00511,0.0002555,0.00010574,FILLED
2020-07-31T09:33:19.749,BNBBTC,BUY,MARKET,0.12,0.0018438,0.000221256,9E-05,FILLED
2020-07-31T09:33:20.225,LTCBNB,BUY,MARKET,0.05,2.775,0.13875,0.00010395,FILLED
2020-07-31T09:33:20.291,BNBBTC,BUY,MARKET,0.12,0.0018438,0.000221256,9E-05,FILLED
2020-07-31T09:33:20.295,LTCBTC,SELL,MARKET,0.05,0.00511,0.0002555,0.00010574,FILLED
2020-07-31T09:33:20.824,LTCBNB,BUY,MARKET,0.05,2.775,0.13875,0.00010395,FILLED
2020-07-31T09:33:20.89,BNBBTC,BUY,MARKET,0.12,0.0018438,0.000221256,9E-05,FILLED
2020-07-31T09:33:21.421,LTCBTC,SELL,MARKET,0.05,0.005111,0.00025555,0.00010574,FILLED
2020-07-31T09:33:23.159,BNBBTC,BUY,MARKET,0.12,0.0018443,0.000221316,9E-05,FILLED
2020-07-31T09:33:23.677,LTCBNB,BUY,MARKET,0.05,2.775,0.13875,0.00010395,FILLED
2020-07-31T09:33:23.678,LTCBTC,SELL,MARKET,0.05,0.005111,0.00025555,0.00010574,FILLED
2020-07-31T09:33:23.834,BNBBTC,BUY,MARKET,0.12,0.0018443,0.000221316,9E-05,FILLED
2020-07-31T09:33:24.172,LTCBNB,BUY,MARKET,0.05,2.775,0.13875,0.00010395,FILLED
2020-07-31T09:33:24.371,LTCBTC,SELL,MARKET,0.05,0.005111,0.00025555,0.00010574,FILLED
2020-07-31T09:33:24.756,BNBBTC,BUY,MARKET,0.12,0.0018441,0.000221292,9E-05,FILLED
2020-07-31T09:33:25.148,LTCBNB,BUY,MARKET,0.05,2.775,0.13875,0.00010395,FILLED
2020-07-31T09:33:25.149,LTCBTC,SELL,MARKET,0.05,0.00511,0.0002555,0.00010574,FILLED
2020-07-31T09:33:25.384,BNBBTC,BUY,MARKET,0.12,0.0018441,0.000221292,9E-05,FILLED
2020-07-31T09:33:26.803,LTCBNB,BUY,MARKET,0.05,2.775,0.13875,0.00010395,FILLED
2020-07-31T09:33:26.916,LTCBTC,SELL,MARKET,0.05,0.00511,0.0002555,0.00010574,FILLED
2020-07-31T09:33:27.104,BNBBTC,BUY,MARKET,0.12,0.0018442,0.000221304,9E-05,FILLED
2020-07-31T09:33:27.155,LTCBNB,BUY,MARKET,0.05,2.775,0.13875,0.00010395,FILLED
2020-07-31T09:33:27.211,LTCBTC,SELL,MARKET,0.05,0.00511,0.0002555,0.00010574,FILLED
2020-07-31T09:33:27.259,BNBBTC,BUY,MARKET,0.12,0.0018442,0.000221304,9E-05,FILLED
2020-07-31T09:33:28.309,LTCBNB,BUY,MARKET,0.05,2.775,0.13875,0.00010395,FILLED
2020-07-31T09:33:28.414,LTCBTC,SELL,MARKET,0.05,0.00511,0.0002555,0.00010574,FILLED
2020-07-31T09:33:28.452,BNBBTC,BUY,MARKET,0.12,0.0018443,0.000221316,9E-05,FILLED
2020-07-31T09:33:28.795,BNBBTC,BUY,MARKET,0.12,0.0018443,0.000221316,9E-05,FILLED
2020-07-31T09:33:29.592,LTCBNB,BUY,MARKET,0.05,2.775,0.13875,0.00010395,FILLED
2020-07-31T09:33:30.76,LTCBTC,SELL,MARKET,0.05,0.00511,0.0002555,0.00010574,FILLED
2020-07-31T09:33:31.028,BNBBTC,BUY,MARKET,0.12,0.0018443,0.000221316,9E-05,FILLED
2020-07-31T09:33:31.683,LTCBNB,BUY,MARKET,0.05,2.775,0.13875,0.00010395,FILLED
2020-07-31T09:33:34.268,LTCBTC,SELL,MARKET,0.05,0.00511,0.0002555,0.00010574,FILLED
2020-07-31T09:33:35.132,BNBBTC,BUY,MARKET,0.12,0.0018449,0.000221388,9E-05,FILLED
2020-07-31T09:33:35.206,LTCBNB,BUY,MARKET,0.05,2.775,0.13875,0.00010395,FILLED
2020-07-31T09:33:35.35,LTCBTC,SELL,MARKET,0.05,0.00511,0.0002555,0.00010574,FILLED
2020-07-31T09:33:35.526,BNBBTC,BUY,MARKET,0.12,0.0018449,0.000221388,9E-05,FILLED
2020-07-31T09:33:35.582,LTCBNB,BUY,MARKET,0.05,2.775,0.13875,0.00010395,FILLED
2020-07-31T09:33:35.694,LTCBTC,SELL,MARKET,0.05,0.00511,0.0002555,0.00010574,FILLED
2020-07-31T09:33:35.985,BNBBTC,BUY,MARKET,0.12,0.0018449,0.000221388,9E-05,FILLED
2020-07-31T09:33:36.09,LTCBNB,BUY,MARKET,0.05,2.774,0.1387,0.00010395,FILLED
2020-07-31T09:33:36.323,LTCBTC,SELL,MARKET,0.05,0.00511,0.0002555,0.00010574,FILLED
2020-07-31T09:33:36.424,BNBBTC,BUY,MARKET,0.12,0.0018448,0.000221376,9E-05,FILLED
2020-07-31T09:33:36.467,BNBBTC,BUY,MARKET,0.12,0.0018448,0.000221376,9E-05,FILLED
2020-07-31T09:33:36.603,LTCBNB,BUY,MARKET,0.05,2.774,0.1387,0.00010395,FILLED
2020-07-31T09:33:37.249,LTCBTC,SELL,MARKET,0.05,0.00511,0.0002555,0.00010574,FILLED
2020-07-31T09:33:37.391,BNBBTC,BUY,MARKET,0.12,0.0018448,0.000221376,9E-05,FILLED
2020-07-31T09:33:39.52,LTCBNB,BUY,MARKET,0.05,2.776,0.1388,0.00010395,FILLED
2020-07-31T09:33:41.039,LTCBTC,SELL,MARKET,0.05,0.00511,0.0002555,0.00010574,FILLED
2020-07-31T09:33:41.153,BNBBTC,BUY,MARKET,0.12,0.0018448,0.000221376,9E-05,FILLED
2020-07-31T09:33:42.445,LTCBNB,BUY,MARKET,0.05,2.774,0.1387,0.00010395,FILLED
2020-07-31T09:33:42.488,LTCBTC,SELL,MARKET,0.05,0.00511,0.0002555,0.00010574,FILLED
2020-07-31T09:33:42.611,BNBBTC,BUY,MARKET,0.12,0.0018448,0.000221376,9E-05,FILLED
2020-07-31T09:33:43.141,LTCBNB,BUY,MARKET,0.05,2.774,0.1387,0.00010395,FILLED
2020-07-31T09:33:43.391,LTCBTC,SELL,MARKET,0.05,0.00511,0.0002555,0.00010574,FILLED
2020-07-31T09:33:43.392,BNBBTC,BUY,MARKET,0.12,0.0018448,0.000221376,9E-05,FILLED
2020-07-31T09:33:44.321,LTCBNB,BUY,MARKET,0.05,2.774,0.1387,0.00010395,FILLED
2020-07-31T09:33:46.162,LTCBTC,SELL,MARKET,0.05,0.00511,0.0002555,0.00010574,FILLED
2020-07-31T09:33:46.249,BNBBTC,BUY,MARKET,0.12,0.0018448,0.000221376,9E-05,FILLED
2020-07-31T09:33:46.252,LTCBNB,BUY,MARKET,0.05,2.774,0.1387,0.00010395,FILLED
2020-07-31T09:33:46.384,LTCBTC,SELL,MARKET,0.05,0.00511,0.0002555,0.00010574,FILLED
2020-07-31T09:33:46.441,BNBBTC,BUY,MARKET,0.12,0.0018448,0.000221376,9E-05,FILLED
2020-07-31T09:33:51.598,LTCBNB,BUY,MARKET,0.05,2.774,0.1387,0.00010395,FILLED
2020-07-31T09:33:51.677,LTCBTC,SELL,MARKET,0.05,0.00511,0.0002555,0.00010574,FILLED
2020-07-31T09:33:51.896,BNBBTC,BUY,MARKET,0.12,0.0018448,0.000221376,9E-05,FILLED
2020-07-31T09:33:52.43,BNBBTC,BUY,MARKET,0.12,0.0018448,0.000221376,9E-05,FILLED
2020-07-31T09:33:53.305,LTCBNB,BUY,MARKET,0.05,2.774,0.1387,0.00010395,FILLED
2020-07-31T09:33:53.662,LTCBTC,SELL,MARKET,0.05,0.00511,0.0002555,0.00010574,FILLED
2020-07-31T09:33:53.672,BNBBTC,BUY,MARKET,0.12,0.0018449,0.000221388,9E-05,FILLED
2020-07-31T09:33:58.659,LTCBNB,BUY,MARKET,0.05,2.774,0.1387,0.00010395,FILLED
2020-07-31T09:33:59.496,LTCBTC,SELL,MARKET,0.05,0.00511,0.0002555,0.00010574,FILLED
2020-07-31T09:33:59.496,BNBBTC,BUY,MARKET,0.12,0.0018445,0.00022134,9E-05,FILLED
2020-07-31T09:33:59.553,LTCBNB,BUY,MARKET,0.05,2.774,0.1387,0.00010395,FILLED
2020-07-31T09:33:59.611,LTCBTC,SELL,MARKET,0.05,0.00511,0.0002555,0.00010574,FILLED
2020-07-31T09:33:59.91,BNBBTC,BUY,MARKET,0.12,0.0018445,0.00022134,9E-05,FILLED
2020-07-31T09:34:00.163,LTCBNB,BUY,MARKET,0.05,2.774,0.1387,0.00010395,FILLED
2020-07-31T09:34:00.469,LTCBTC,SELL,MARKET,0.05,0.00511,0.0002555,0.00010574,FILLED
2020-07-31T09:34:00.548,BNBBTC,BUY,MARKET,0.12,0.0018445,0.00022134,9E-05,FILLED
2020-07-31T09:34:00.647,LTCBNB,BUY,MARKET,0.05,2.774,0.1387,0.00010395,FILLED
2020-07-31T09:34:00.679,LTCBTC,SELL,MARKET,0.05,0.00511,0.0002555,0.00010574,FILLED
2020-07-31T09:34:00.843,BNBBTC,BUY,MARKET,0.12,0.0018445,0.00022134,9E-05,FILLED
2020-07-31T09:34:01.236,LTCBNB,BUY,MARKET,0.05,2.774,0.1387,0.00010395,FILLED
2020-07-31T09:34:01.492,LTCBTC,SELL,MARKET,0.05,0.00511,0.0002555,0.00010574,FILLED
2020-07-31T09:34:01.583,BNBBTC,BUY,MARKET,0.12,0.0018445,0.00022134,9E-05,FILLED
2020-07-31T09:34:01.715,BNBBTC,BUY,MARKET,0.12,0.0018445,0.00022134,9E-05,FILLED
2020-07-31T09:34:02.828,LTCBNB,BUY,MARKET,0.05,2.774,0.1387,0.00010395,FILLED
2020-07-31T09:34:04.343,LTCBTC,SELL,MARKET,0.05,0.00511,0.0002555,0.00010574,FILLED
2020-07-31T09:34:04.407,BNBBTC,BUY,MARKET,0.12,0.0018449,0.000221388,9E-05,FILLED
2020-07-31T09:34:05.886,LTCBNB,BUY,MARKET,0.05,2.774,0.1387,0.00010395,FILLED
2020-07-31T09:34:05.955,LTCBTC,SELL,MARKET,0.05,0.00511,0.0002555,0.00010574,FILLED
2020-07-31T09:34:06.22,BNBBTC,BUY,MARKET,0.12,0.0018448,0.000221376,9E-05,FILLED
2020-07-31T09:34:07.862,LTCBTC,SELL,MARKET,0.05,0.00511,0.0002555,0.00010574,FILLED
2020-07-31T09:34:07.861,LTCBNB,BUY,MARKET,0.05,2.774,0.1387,0.00010395,FILLED
2020-07-31T09:34:07.949,BNBBTC,BUY,MARKET,0.12,0.0018448,0.000221376,9E-05,FILLED
2020-07-31T09:34:08.313,LTCBNB,BUY,MARKET,0.05,2.774,0.1387,0.00010395,FILLED
2020-07-31T09:34:08.501,LTCBTC,SELL,MARKET,0.05,0.00511,0.0002555,0.00010574,FILLED
2020-07-31T09:34:08.654,BNBBTC,BUY,MARKET,0.12,0.0018446,0.000221352,9E-05,FILLED
2020-07-31T09:34:09.494,LTCBNB,BUY,MARKET,0.05,2.774,0.1387,0.00010395,FILLED
2020-07-31T09:34:09.65,LTCBTC,SELL,MARKET,0.05,0.00511,0.0002555,0.00010574,FILLED
2020-07-31T09:34:09.727,BNBBTC,BUY,MARKET,0.12,0.0018446,0.000221352,9E-05,FILLED
2020-07-31T09:34:09.975,LTCBNB,BUY,MARKET,0.05,2.774,0.1387,0.00010395,FILLED
2020-07-31T09:34:10.156,LTCBTC,SELL,MARKET,0.05,0.00511,0.0002555,0.00010574,FILLED
2020-07-31T09:34:10.333,BNBBTC,BUY,MARKET,0.12,0.0018447,0.000221364,9E-05,FILLED
2020-07-31T09:34:10.394,LTCBNB,BUY,MARKET,0.05,2.774,0.1387,0.00010395,FILLED
2020-07-31T09:34:10.804,LTCBTC,SELL,MARKET,0.05,0.00511,0.0002555,0.00010574,FILLED
2020-07-31T09:34:10.805,BNBBTC,BUY,MARKET,0.12,0.0018446,0.000221352,9E-05,FILLED
2020-07-31T09:34:11.242,BNBBTC,BUY,MARKET,0.12,0.0018446,0.000221352,9E-05,FILLED
2020-07-31T09:34:12.131,LTCBNB,BUY,MARKET,0.05,2.774,0.1387,0.00010395,FILLED
2020-07-31T09:34:12.136,BNBBTC,BUY,MARKET,0.12,0.0018446,0.000221352,9E-05,FILLED
2020-07-31T09:34:12.135,LTCBTC,SELL,MARKET,0.05,0.005109,0.00025545,0.00010574,FILLED
2020-07-31T09:34:12.194,LTCBNB,BUY,MARKET,0.05,2.774,0.1387,0.00010395,FILLED
2020-07-31T09:34:12.319,LTCBTC,SELL,MARKET,0.05,0.005109,0.00025545,0.00010574,FILLED
2020-07-31T09:34:12.387,BNBBTC,BUY,MARKET,0.12,0.0018446,0.000221352,9E-05,FILLED
2020-07-31T09:34:12.701,LTCBNB,BUY,MARKET,0.05,2.774,0.1387,0.00010395,FILLED
2020-07-31T09:34:13.183,LTCBTC,SELL,MARKET,0.05,0.005109,0.00025545,0.00010574,FILLED
2020-07-31T09:34:13.235,BNBBTC,BUY,MARKET,0.12,0.0018446,0.000221352,9E-05,FILLED
2020-07-31T09:34:14.008,LTCBNB,BUY,MARKET,0.05,2.774,0.1387,0.00010395,FILLED
2020-07-31T09:34:14.232,LTCBTC,SELL,MARKET,0.05,0.005109,0.00025545,0.00010574,FILLED
2020-07-31T09:34:15.587,BNBBTC,BUY,MARKET,0.12,0.0018445,0.00022134,9E-05,FILLED
2020-07-31T09:34:15.631,LTCBNB,BUY,MARKET,0.05,2.774,0.1387,0.00010395,FILLED
2020-07-31T09:34:15.692,LTCBTC,SELL,MARKET,0.05,0.005109,0.00025545,0.00010574,FILLED
2020-07-31T09:34:15.744,BNBBTC,BUY,MARKET,0.12,0.0018445,0.00022134,9E-05,FILLED
2020-07-31T09:34:19.463,LTCBNB,BUY,MARKET,0.05,2.774,0.1387,0.00010395,FILLED
2020-07-31T09:34:19.705,LTCBTC,SELL,MARKET,0.05,0.005109,0.00025545,0.00010574,FILLED
2020-07-31T09:34:19.826,BNBBTC,BUY,MARKET,0.12,0.0018445,0.00022134,9E-05,FILLED
2020-07-31T09:34:20.637,BNBBTC,BUY,MARKET,0.12,0.0018445,0.00022134,9E-05,FILLED
2020-07-31T09:34:23.232,LTCBNB,BUY,MARKET,0.05,2.774,0.1387,0.00010395,FILLED
2020-07-31T09:34:23.327,LTCBTC,SELL,MARKET,0.05,0.005109,0.00025545,0.00010574,FILLED
2020-07-31T09:34:23.672,BNBBTC,BUY,MARKET,0.12,0.0018447,0.000221364,9E-05,FILLED
2020-07-31T09:34:23.847,LTCBNB,BUY,MARKET,0.05,2.774,0.1387,0.00010395,FILLED
2020-07-31T09:34:24.038,LTCBTC,SELL,MARKET,0.05,0.005109,0.00025545,0.00010574,FILLED
2020-07-31T09:34:24.246,BNBBTC,BUY,MARKET,0.12,0.0018447,0.000221364,9E-05,FILLED
2020-07-31T09:34:24.419,LTCBNB,BUY,MARKET,0.05,2.774,0.1387,0.00010395,FILLED
2020-07-31T09:34:24.617,LTCBTC,SELL,MARKET,0.05,0.005109,0.00025545,0.00010574,FILLED
2020-07-31T09:34:24.683,BNBBTC,BUY,MARKET,0.12,0.0018449,0.000221388,9E-05,FILLED
2020-07-31T09:34:24.687,LTCBNB,BUY,MARKET,0.05,2.774,0.1387,0.00010395,FILLED
2020-07-31T09:34:24.697,LTCBTC,SELL,MARKET,0.05,0.005109,0.00025545,0.00010574,FILLED
2020-07-31T09:34:24.814,BNBBTC,BUY,MARKET,0.12,0.0018449,0.000221388,9E-05,FILLED
2020-07-31T09:34:25.155,LTCBNB,BUY,MARKET,0.05,2.774,0.1387,0.00010395,FILLED
2020-07-31T09:34:27.502,LTCBTC,SELL,MARKET,0.05,0.005109,0.00025545,0.00010574,FILLED
2020-07-31T09:34:27.557,BNBBTC,BUY,MARKET,0.12,0.0018449,0.000221388,9E-05,FILLED
2020-07-31T09:34:29.223,LTCBNB,BUY,MARKET,0.05,2.774,0.1387,0.00010395,FILLED
2020-07-31T09:34:29.228,LTCBTC,SELL,MARKET,0.05,0.005109,0.00025545,0.00010574,FILLED
2020-07-31T09:34:30.936,BNBBTC,BUY,MARKET,0.12,0.0018449,0.000221388,9E-05,FILLED
2020-07-31T09:34:31.716,LTCBNB,BUY,MARKET,0.05,2.774,0.1387,0.00010395,FILLED
2020-07-31T09:34:31.812,LTCBTC,SELL,MARKET,0.05,0.005109,0.00025545,0.00010574,FILLED
2020-07-31T09:34:31.962,BNBBTC,BUY,MARKET,0.12,0.0018449,0.000221388,9E-05,FILLED
2020-07-31T09:34:32.724,BNBBTC,BUY,MARKET,0.12,0.0018449,0.000221388,9E-05,FILLED
2020-07-31T09:34:34.026,LTCBNB,BUY,MARKET,0.05,2.774,0.1387,0.00010395,FILLED
2020-07-31T09:34:34.412,BNBBTC,BUY,MARKET,0.12,0.0018446,0.000221352,9E-05,FILLED
2020-07-31T09:34:34.412,LTCBTC,SELL,MARKET,0.05,0.005109,0.00025545,0.00010574,FILLED
2020-07-31T09:34:35.486,LTCBNB,BUY,MARKET,0.05,2.773,0.13865,0.00010395,FILLED
2020-07-31T09:34:37.235,LTCBTC,SELL,MARKET,0.05,0.005109,0.00025545,0.00010574,FILLED
2020-07-31T09:34:37.461,BNBBTC,BUY,MARKET,0.12,0.0018445,0.00022134,9E-05,FILLED
2020-07-31T09:34:37.965,LTCBNB,BUY,MARKET,0.05,2.775,0.13875,0.00010395,FILLED
2020-07-31T09:34:38.347,LTCBTC,SELL,MARKET,0.05,0.005109,0.00025545,0.00010574,FILLED
2020-07-31T09:34:38.35,BNBBTC,BUY,MARKET,0.12,0.0018445,0.00022134,9E-05,FILLED
2020-07-31T09:34:38.671,LTCBNB,BUY,MARKET,0.05,2.775,0.13875,0.00010395,FILLED
2020-07-31T09:34:39.093,BNBBTC,BUY,MARKET,0.12,0.0018446,0.000221352,9E-05,FILLED
2020-07-31T09:34:39.093,LTCBTC,SELL,MARKET,0.05,0.005109,0.00025545,0.00010574,FILLED
2020-07-31T09:34:39.565,LTCBNB,BUY,MARKET,0.05,2.775,0.13875,0.00010395,FILLED
2020-07-31T09:34:43.014,LTCBTC,SELL,MARKET,0.05,0.005109,0.00025545,0.00010574,FILLED
2020-07-31T09:34:43.061,BNBBTC,BUY,MARKET,0.12,0.0018447,0.000221364,9E-05,FILLED
2020-07-31T09:34:43.786,LTCBNB,BUY,MARKET,0.05,2.774,0.1387,0.00010395,FILLED
2020-07-31T09:34:44.861,LTCBTC,SELL,MARKET,0.05,0.005108,0.0002554,0.00010574,FILLED
2020-07-31T09:34:45.059,BNBBTC,BUY,MARKET,0.12,0.0018447,0.000221364,9E-05,FILLED
2020-07-31T09:34:46.148,BNBBTC,BUY,MARKET,0.12,0.0018447,0.000221364,9E-05,FILLED
2020-07-31T09:34:47.144,LTCBNB,BUY,MARKET,0.05,2.772,0.1386,0.00010395,FILLED
2020-07-31T09:34:47.315,LTCBTC,SELL,MARKET,0.05,0.005108,0.0002554,0.00010574,FILLED
2020-07-31T09:34:47.39,BNBBTC,BUY,MARKET,0.12,0.001845,0.0002214,9E-05,FILLED
2020-07-31T09:34:48.465,LTCBNB,BUY,MARKET,0.05,2.772,0.1386,0.00010395,FILLED
2020-07-31T09:34:48.769,LTCBTC,SELL,MARKET,0.05,0.005108,0.0002554,0.00010574,FILLED
2020-07-31T09:34:48.829,BNBBTC,BUY,MARKET,0.12,0.001845,0.0002214,9E-05,FILLED
2020-07-31T09:34:49.243,LTCBNB,BUY,MARKET,0.05,2.772,0.1386,0.00010395,FILLED
2020-07-31T09:34:51.312,LTCBTC,SELL,MARKET,0.05,0.005108,0.0002554,0.00010574,FILLED
2020-07-31T09:34:51.314,BNBBTC,BUY,MARKET,0.12,0.001845,0.0002214,9E-05,FILLED
2020-07-31T09:34:52.8,LTCBNB,BUY,MARKET,0.05,2.772,0.1386,0.00010395,FILLED
2020-07-31T09:34:52.915,LTCBTC,SELL,MARKET,0.05,0.005108,0.0002554,0.00010574,FILLED
2020-07-31T09:34:53.18,BNBBTC,BUY,MARKET,0.12,0.001845,0.0002214,9E-05,FILLED
2020-07-31T09:34:53.313,LTCBNB,BUY,MARKET,0.05,2.772,0.1386,0.00010395,FILLED
2020-07-31T09:34:54.008,LTCBTC,SELL,MARKET,0.05,0.005108,0.0002554,0.00010574,FILLED
2020-07-31T09:34:54.117,BNBBTC,BUY,MARKET,0.12,0.001845,0.0002214,9E-05,FILLED
2020-07-31T09:34:54.527,LTCBNB,BUY,MARKET,0.05,2.772,0.1386,0.00010395,FILLED
2020-07-31T09:34:54.528,LTCBTC,SELL,MARKET,0.05,0.005108,0.0002554,0.00010574,FILLED
2020-07-31T09:34:54.532,BNBBTC,BUY,MARKET,0.12,0.001845,0.0002214,9E-05,FILLED
2020-07-31T10:00:14.81,BNBBTC,SELL,MARKET,0.12,0.0018655,0.00022386,8.836E-05,FILLED
2020-07-31T10:00:14.847,LTCBTC,BUY,MARKET,0.05,0.005093,0.00025465,0.00010228,FILLED
2020-07-31T10:00:14.905,LTCBNB,SELL,MARKET,0.05,2.727,0.13635,0.00010226,FILLED
2020-07-31T10:00:15.116,BNBBTC,SELL,MARKET,0.12,0.0018653,0.000223836,8.836E-05,FILLED
2020-07-31T10:00:15.148,BNBBTC,BUY,MARKET,0.12,0.0018662,0.000223944,9E-05,FILLED
2020-07-31T10:00:15.159,LTCBNB,BUY,MARKET,0.05,2.734,0.1367,0.00010228,FILLED
2020-07-31T10:00:15.429,LTCBTC,SELL,MARKET,0.05,0.005092,0.0002546,0.00010041,FILLED
2020-07-31T10:00:15.469,BNBBTC,BUY,MARKET,0.12,0.0018662,0.000223944,9E-05,FILLED
2020-07-31T10:28:10.559,BNBBTC,SELL,MARKET,0.12,0.0018646,0.000223752,8.847E-05,FILLED
2020-07-31T10:28:10.559,BNBBTC,BUY,MARKET,0.12,0.0018648,0.000223776,9E-05,FILLED
2020-07-31T10:28:11.154,BNBBTC,SELL,MARKET,0.12,0.0018646,0.000223752,8.847E-05,FILLED
2020-07-31T10:28:11.155,BNBBTC,BUY,MARKET,0.12,0.0018648,0.000223776,9E-05,FILLED
2020-07-31T10:28:26.728,BNBBTC,SELL,MARKET,0.12,0.0018641,0.000223692,8.847E-05,FILLED
2020-07-31T10:28:26.734,BNBBTC,BUY,MARKET,0.12,0.0018642,0.000223704,9E-05,FILLED
2020-07-31T10:31:30.949,BNBBTC,SELL,MARKET,0.06,0.0018593,0.000111558,4.431E-05,FILLED
2020-07-31T10:31:30.95,BNBBTC,BUY,MARKET,0.12,0.0018594,0.000223128,9E-05,FILLED
2020-07-31T10:31:33.038,BNBBTC,SELL,MARKET,0.12,0.0018586,0.000223032,8.863E-05,FILLED
2020-07-31T10:31:33.039,BNBBTC,BUY,MARKET,0.12,0.0018595,0.00022314,9E-05,FILLED
2020-07-31T10:31:34.322,BNBBTC,SELL,MARKET,0.12,0.0018586,0.000223032,8.863E-05,FILLED
2020-07-31T10:31:35.602,BNBBTC,BUY,MARKET,0.12,0.0018595,0.00022314,9E-05,FILLED
2020-07-31T10:31:36.09,LTCBNB,SELL,MARKET,0.05,2.75,0.1375,0.00010312,FILLED
2020-07-31T10:31:36.09,LTCBTC,BUY,MARKET,0.05,0.005118,0.0002559,0.00010308,FILLED
2020-07-31T10:31:36.089,BNBBTC,SELL,MARKET,0.12,0.0018586,0.000223032,8.863E-05,FILLED
2020-07-31T10:31:36.094,LTCBNB,BUY,MARKET,0.022,2.751,0.060522,4.535E-05,FILLED
2020-07-31T10:31:36.258,LTCBNB,SELL,MARKET,0.05,2.75,0.1375,0.00010312,FILLED
2020-07-31T10:31:36.647,LTCBTC,BUY,MARKET,0.05,0.005118,0.0002559,0.00010308,FILLED
2020-07-31T10:31:36.647,BNBBTC,SELL,MARKET,0.12,0.0018586,0.000223032,8.863E-05,FILLED
2020-07-31T10:31:36.648,LTCBNB,SELL,MARKET,0.05,2.75,0.1375,0.00010312,FILLED
2020-07-31T10:31:36.652,LTCBNB,BUY,MARKET,0.05,2.753,0.13765,0.00010308,FILLED
2020-07-31T10:31:36.652,LTCBTC,SELL,MARKET,0.05,0.005117,0.00025585,0.00010475,FILLED
2020-07-31T10:31:36.652,BNBBTC,BUY,MARKET,0.12,0.0018591,0.000223092,9E-05,FILLED
2020-07-31T10:31:36.967,BNBBTC,SELL,MARKET,0.12,0.0018586,0.000223032,8.863E-05,FILLED
2020-07-31T10:31:37.121,LTCBTC,BUY,MARKET,0.05,0.005118,0.0002559,0.00010308,FILLED
2020-07-31T10:31:37.125,LTCBTC,SELL,MARKET,0.05,0.005117,0.00025585,0.00010475,FILLED
2020-07-31T10:31:38.015,BNBBTC,BUY,MARKET,0.12,0.0018589,0.000223068,9E-05,FILLED
2020-07-31T10:31:38.016,BNBBTC,SELL,MARKET,0.12,0.0018586,0.000223032,8.863E-05,FILLED
2020-07-31T10:31:38.02,LTCBTC,BUY,MARKET,0.05,0.005118,0.0002559,0.00010308,FILLED
2020-07-31T10:31:38.235,LTCBTC,SELL,MARKET,0.05,0.005117,0.00025585,0.00010475,FILLED
2020-07-31T10:31:39.577,BNBBTC,BUY,MARKET,0.12,0.001859,0.00022308,9E-05,FILLED
2020-07-31T10:31:39.59,LTCBNB,BUY,MARKET,0.05,2.753,0.13765,0.00010308,FILLED
2020-07-31T10:31:40.106,LTCBTC,SELL,MARKET,0.05,0.005117,0.00025585,0.00010475,FILLED
2020-07-31T10:31:40.108,BNBBTC,BUY,MARKET,0.12,0.0018589,0.000223068,9E-05,FILLED
2020-07-31T10:31:40.946,BNBBTC,SELL,MARKET,0.12,0.0018586,0.000223032,8.863E-05,FILLED
2020-07-31T10:31:41.58,BNBBTC,BUY,MARKET,0.12,0.001859,0.00022308,9E-05,FILLED
